Field_ID,Crop_ID_1,Crop_ID_2,Crop_ID_3,Crop_ID_4,Crop_ID_5,Crop_ID_6,Crop_ID_7
3,0.154,0.66,0.048,0.062,0.022,0.006,0.048
6,0.268,0.542,0.04,0.074,0.038,0.016,0.022
11,0.262,0.236,0.02,0.334,0.068,0.064,0.016
13,0.254,0.488,0.072,0.064,0.032,0.052,0.038
14,0.218,0.5,0.038,0.126,0.054,0.018,0.046
18,0.296,0.314,0.022,0.152,0.126,0.046,0.044
19,0.26,0.526,0.008,0.064,0.106,0.016,0.02
23,0.256,0.412,0.006,0.198,0.048,0.06,0.02
24,0.304,0.252,0.034,0.236,0.112,0.04,0.022
25,0.282,0.186,0.066,0.254,0.094,0.06,0.058
28,0.482,0.258,0.016,0.11,0.06,0.054,0.02
29,0.282,0.544,0.034,0.066,0.038,0.032,0.004
30,0.376,0.404,0.018,0.092,0.058,0.036,0.016
40,0.39,0.13,0.044,0.272,0.108,0.042,0.014
43,0.478,0.278,0.032,0.098,0.046,0.062,0.006
49,0.352,0.202,0.022,0.236,0.088,0.088,0.012
53,0.198,0.262,0.302,0.144,0.032,0.028,0.034
55,0.434,0.196,0.056,0.178,0.05,0.024,0.062
56,0.198,0.18,0.126,0.358,0.044,0.02,0.074
57,0.26,0.338,0.088,0.146,0.062,0.034,0.072
59,0.316,0.47,0.022,0.08,0.04,0.062,0.01
61,0.196,0.72,0.014,0.026,0.01,0.03,0.004
63,0.314,0.4,0.034,0.122,0.074,0.042,0.014
65,0.476,0.334,0.02,0.078,0.056,0.018,0.018
66,0.38,0.35,0.048,0.114,0.048,0.022,0.038
73,0.402,0.39,0.024,0.074,0.054,0.046,0.01
74,0.174,0.59,0.022,0.102,0.036,0.034,0.042
88,0.126,0.676,0.008,0.094,0.036,0.04,0.02
89,0.068,0.884,0.008,0.02,0.002,0.006,0.012
91,0.152,0.616,0.026,0.132,0.02,0.032,0.022
100,0.192,0.774,0.004,0.014,0.004,0.008,0.004
103,0.228,0.67,0.006,0.03,0.018,0.038,0.01
114,0.064,0.89,0.01,0.01,0.012,0.012,0.002
115,0.18,0.628,0.05,0.056,0.02,0.044,0.022
117,0.362,0.39,0.024,0.06,0.048,0.06,0.056
118,0.62,0.204,0.018,0.07,0.026,0.056,0.006
120,0.266,0.35,0.044,0.208,0.08,0.022,0.03
121,0.156,0.762,0.002,0.028,0.024,0.022,0.006
122,0.326,0.264,0.028,0.232,0.068,0.06,0.022
128,0.194,0.634,0.024,0.072,0.03,0.042,0.004
131,0.366,0.33,0.046,0.078,0.096,0.048,0.036
132,0.398,0.466,0.02,0.042,0.032,0.02,0.022
133,0.368,0.276,0.03,0.218,0.05,0.042,0.016
135,0.328,0.298,0.044,0.22,0.038,0.046,0.026
136,0.544,0.13,0.04,0.184,0.036,0.048,0.018
137,0.33,0.364,0.032,0.126,0.084,0.028,0.036
139,0.226,0.636,0.034,0.038,0.02,0.018,0.028
144,0.342,0.344,0.026,0.172,0.054,0.026,0.036
147,0.54,0.148,0.036,0.148,0.06,0.04,0.028
151,0.262,0.44,0.02,0.126,0.096,0.02,0.036
152,0.312,0.292,0.018,0.232,0.068,0.05,0.028
153,0.382,0.284,0.03,0.186,0.076,0.016,0.026
155,0.444,0.2,0.03,0.164,0.04,0.074,0.048
156,0.52,0.204,0.07,0.104,0.038,0.024,0.04
160,0.36,0.148,0.162,0.22,0.022,0.034,0.054
163,0.442,0.236,0.024,0.154,0.054,0.062,0.028
164,0.188,0.594,0.018,0.074,0.072,0.046,0.008
183,0.366,0.286,0.046,0.142,0.034,0.038,0.088
184,0.542,0.17,0.04,0.126,0.026,0.034,0.062
185,0.17,0.328,0.098,0.196,0.064,0.04,0.104
186,0.498,0.312,0.02,0.08,0.052,0.014,0.024
187,0.162,0.13,0.104,0.508,0.02,0.018,0.058
188,0.318,0.204,0.078,0.206,0.062,0.064,0.068
189,0.436,0.224,0.048,0.178,0.058,0.034,0.022
193,0.272,0.284,0.07,0.182,0.05,0.034,0.108
194,0.152,0.328,0.094,0.178,0.092,0.046,0.11
199,0.294,0.202,0.028,0.268,0.062,0.098,0.048
200,0.318,0.176,0.044,0.324,0.066,0.058,0.014
202,0.272,0.484,0.008,0.104,0.068,0.042,0.022
204,0.316,0.408,0.024,0.128,0.052,0.042,0.03
205,0.206,0.474,0.058,0.158,0.048,0.022,0.034
207,0.282,0.172,0.132,0.274,0.022,0.068,0.05
211,0.07,0.856,0.008,0.006,0.002,0.05,0.008
213,0.382,0.23,0.054,0.192,0.036,0.05,0.056
220,0.218,0.292,0.152,0.162,0.042,0.018,0.116
224,0.34,0.142,0.054,0.294,0.08,0.066,0.024
228,0.362,0.374,0.06,0.074,0.058,0.028,0.044
229,0.522,0.174,0.028,0.132,0.068,0.06,0.016
232,0.298,0.452,0.032,0.126,0.038,0.032,0.022
233,0.288,0.272,0.09,0.2,0.056,0.062,0.032
234,0.152,0.686,0.034,0.074,0.024,0.018,0.012
235,0.106,0.826,0.008,0.03,0.01,0.014,0.006
242,0.17,0.546,0.046,0.098,0.054,0.048,0.038
244,0.352,0.31,0.022,0.14,0.058,0.098,0.02
250,0.3,0.608,0.012,0.03,0.024,0.018,0.008
253,0.074,0.892,0.0,0.012,0.01,0.006,0.006
254,0.104,0.79,0.02,0.024,0.024,0.03,0.008
256,0.362,0.34,0.01,0.138,0.028,0.112,0.01
260,0.21,0.448,0.072,0.128,0.038,0.046,0.058
261,0.096,0.85,0.018,0.006,0.01,0.018,0.002
263,0.388,0.374,0.008,0.08,0.062,0.086,0.002
268,0.376,0.264,0.072,0.09,0.068,0.038,0.092
270,0.234,0.54,0.016,0.084,0.058,0.038,0.03
277,0.182,0.596,0.024,0.08,0.048,0.04,0.03
279,0.272,0.384,0.006,0.152,0.038,0.116,0.032
281,0.206,0.624,0.006,0.062,0.058,0.024,0.02
282,0.412,0.188,0.058,0.136,0.11,0.04,0.056
285,0.066,0.9,0.008,0.014,0.004,0.004,0.004
286,0.064,0.884,0.006,0.022,0.006,0.014,0.004
287,0.208,0.618,0.028,0.038,0.032,0.034,0.042
305,0.096,0.838,0.002,0.034,0.004,0.016,0.01
312,0.544,0.204,0.024,0.1,0.046,0.046,0.036
315,0.486,0.322,0.012,0.072,0.04,0.06,0.008
317,0.606,0.142,0.04,0.124,0.026,0.048,0.014
321,0.544,0.14,0.024,0.14,0.032,0.078,0.042
330,0.398,0.244,0.09,0.14,0.034,0.046,0.048
339,0.408,0.256,0.014,0.194,0.03,0.078,0.02
340,0.47,0.224,0.018,0.096,0.088,0.09,0.014
341,0.442,0.188,0.018,0.148,0.064,0.106,0.034
346,0.42,0.152,0.06,0.24,0.024,0.084,0.02
357,0.44,0.19,0.028,0.102,0.094,0.122,0.024
358,0.414,0.22,0.014,0.134,0.07,0.132,0.016
360,0.384,0.196,0.054,0.25,0.04,0.04,0.036
361,0.218,0.284,0.144,0.166,0.072,0.066,0.05
362,0.258,0.406,0.026,0.1,0.138,0.054,0.018
364,0.54,0.22,0.032,0.09,0.076,0.032,0.01
368,0.682,0.114,0.012,0.09,0.052,0.046,0.004
371,0.5,0.176,0.032,0.204,0.04,0.044,0.004
382,0.166,0.7,0.02,0.056,0.028,0.02,0.01
383,0.458,0.29,0.01,0.118,0.042,0.058,0.024
388,0.256,0.374,0.062,0.178,0.066,0.032,0.032
390,0.4,0.248,0.04,0.194,0.052,0.038,0.028
391,0.43,0.214,0.014,0.122,0.05,0.14,0.03
394,0.474,0.176,0.042,0.196,0.048,0.042,0.022
396,0.434,0.168,0.06,0.204,0.066,0.058,0.01
422,0.41,0.168,0.108,0.198,0.064,0.036,0.016
426,0.344,0.222,0.076,0.2,0.06,0.058,0.04
428,0.274,0.336,0.094,0.15,0.062,0.034,0.05
429,0.54,0.238,0.018,0.068,0.032,0.078,0.026
431,0.408,0.17,0.1,0.178,0.04,0.028,0.076
437,0.22,0.418,0.052,0.198,0.052,0.02,0.04
439,0.338,0.3,0.064,0.17,0.046,0.052,0.03
441,0.33,0.314,0.072,0.172,0.04,0.046,0.026
443,0.426,0.254,0.046,0.132,0.064,0.03,0.048
445,0.25,0.548,0.022,0.096,0.054,0.022,0.008
447,0.352,0.282,0.052,0.174,0.052,0.046,0.042
451,0.572,0.146,0.036,0.106,0.044,0.074,0.022
459,0.394,0.344,0.016,0.16,0.038,0.022,0.026
460,0.264,0.504,0.018,0.066,0.124,0.012,0.012
466,0.39,0.324,0.018,0.118,0.08,0.056,0.014
469,0.326,0.272,0.05,0.162,0.054,0.058,0.078
470,0.642,0.054,0.03,0.198,0.02,0.028,0.028
472,0.456,0.28,0.024,0.126,0.066,0.032,0.016
476,0.432,0.118,0.036,0.332,0.04,0.034,0.008
479,0.396,0.252,0.036,0.19,0.04,0.072,0.014
481,0.324,0.298,0.046,0.23,0.064,0.026,0.012
483,0.354,0.294,0.016,0.146,0.14,0.032,0.018
486,0.26,0.168,0.246,0.19,0.04,0.04,0.056
487,0.228,0.316,0.05,0.196,0.056,0.044,0.11
489,0.546,0.14,0.042,0.128,0.042,0.036,0.066
493,0.374,0.318,0.06,0.154,0.016,0.052,0.026
497,0.26,0.32,0.09,0.16,0.056,0.062,0.052
500,0.478,0.108,0.066,0.234,0.074,0.03,0.01
501,0.374,0.224,0.052,0.262,0.04,0.032,0.016
502,0.368,0.222,0.064,0.234,0.05,0.044,0.018
503,0.292,0.166,0.044,0.316,0.056,0.052,0.074
507,0.54,0.114,0.05,0.172,0.056,0.058,0.01
508,0.56,0.128,0.01,0.168,0.046,0.062,0.026
510,0.39,0.164,0.042,0.28,0.032,0.062,0.03
512,0.292,0.206,0.124,0.174,0.044,0.072,0.088
513,0.422,0.106,0.07,0.282,0.044,0.018,0.058
515,0.302,0.326,0.05,0.122,0.082,0.06,0.058
517,0.702,0.07,0.01,0.168,0.032,0.012,0.006
519,0.546,0.134,0.02,0.204,0.028,0.054,0.014
520,0.534,0.122,0.036,0.164,0.068,0.044,0.032
523,0.434,0.234,0.034,0.152,0.04,0.058,0.048
533,0.646,0.156,0.03,0.086,0.042,0.026,0.014
535,0.41,0.264,0.036,0.162,0.082,0.028,0.018
543,0.41,0.248,0.028,0.152,0.074,0.05,0.038
553,0.486,0.122,0.072,0.194,0.054,0.058,0.014
554,0.496,0.162,0.038,0.162,0.07,0.044,0.028
557,0.262,0.34,0.12,0.17,0.024,0.064,0.02
560,0.596,0.084,0.036,0.128,0.1,0.052,0.004
564,0.262,0.462,0.006,0.106,0.078,0.068,0.018
565,0.356,0.338,0.024,0.15,0.042,0.05,0.04
567,0.422,0.11,0.038,0.28,0.034,0.096,0.02
568,0.25,0.54,0.008,0.094,0.062,0.022,0.024
570,0.598,0.118,0.022,0.202,0.024,0.012,0.024
571,0.45,0.096,0.09,0.252,0.044,0.05,0.018
574,0.416,0.212,0.026,0.246,0.042,0.048,0.01
578,0.584,0.18,0.028,0.078,0.066,0.052,0.012
586,0.418,0.122,0.024,0.334,0.044,0.042,0.016
587,0.44,0.216,0.03,0.204,0.044,0.046,0.02
588,0.678,0.096,0.014,0.114,0.034,0.056,0.008
591,0.372,0.386,0.068,0.076,0.06,0.01,0.028
592,0.612,0.07,0.02,0.146,0.062,0.076,0.014
593,0.328,0.176,0.06,0.32,0.03,0.066,0.02
597,0.408,0.184,0.01,0.246,0.068,0.074,0.01
598,0.356,0.35,0.02,0.138,0.082,0.034,0.02
610,0.736,0.052,0.026,0.116,0.04,0.02,0.01
621,0.536,0.156,0.022,0.202,0.03,0.042,0.012
624,0.518,0.154,0.018,0.208,0.028,0.042,0.032
626,0.52,0.082,0.068,0.218,0.05,0.03,0.032
637,0.688,0.058,0.036,0.164,0.024,0.024,0.006
642,0.612,0.124,0.052,0.124,0.034,0.05,0.004
643,0.434,0.266,0.038,0.148,0.036,0.056,0.022
646,0.586,0.112,0.058,0.122,0.05,0.06,0.012
647,0.46,0.134,0.062,0.206,0.082,0.052,0.004
651,0.284,0.322,0.052,0.266,0.024,0.04,0.012
653,0.28,0.186,0.076,0.346,0.052,0.046,0.014
656,0.236,0.334,0.038,0.22,0.058,0.062,0.052
657,0.344,0.254,0.058,0.188,0.066,0.036,0.054
669,0.598,0.174,0.02,0.104,0.036,0.052,0.016
675,0.236,0.636,0.018,0.056,0.012,0.026,0.016
680,0.554,0.148,0.026,0.092,0.108,0.06,0.012
683,0.382,0.2,0.032,0.228,0.058,0.06,0.04
684,0.414,0.166,0.074,0.214,0.052,0.048,0.032
686,0.46,0.144,0.066,0.218,0.048,0.022,0.042
688,0.424,0.214,0.046,0.2,0.026,0.042,0.048
690,0.354,0.228,0.062,0.214,0.048,0.036,0.058
694,0.488,0.18,0.042,0.152,0.046,0.068,0.024
696,0.47,0.232,0.036,0.15,0.044,0.046,0.022
706,0.296,0.416,0.058,0.164,0.028,0.022,0.016
709,0.662,0.076,0.032,0.126,0.05,0.042,0.012
716,0.314,0.176,0.08,0.276,0.048,0.076,0.03
718,0.314,0.358,0.028,0.162,0.034,0.078,0.026
719,0.35,0.276,0.032,0.198,0.064,0.046,0.034
729,0.346,0.228,0.072,0.248,0.054,0.02,0.032
730,0.346,0.182,0.156,0.176,0.092,0.034,0.014
737,0.35,0.284,0.034,0.198,0.068,0.038,0.028
738,0.374,0.262,0.012,0.144,0.084,0.098,0.026
742,0.546,0.164,0.028,0.132,0.072,0.044,0.014
743,0.198,0.502,0.044,0.138,0.08,0.024,0.014
749,0.516,0.12,0.096,0.17,0.042,0.016,0.04
751,0.466,0.054,0.062,0.356,0.028,0.03,0.004
754,0.516,0.068,0.014,0.142,0.148,0.08,0.032
759,0.266,0.27,0.138,0.206,0.044,0.028,0.048
764,0.62,0.12,0.042,0.104,0.038,0.056,0.02
769,0.42,0.178,0.056,0.2,0.082,0.056,0.008
770,0.46,0.128,0.038,0.318,0.014,0.034,0.008
775,0.534,0.13,0.046,0.19,0.04,0.036,0.024
779,0.522,0.142,0.026,0.182,0.05,0.06,0.018
786,0.244,0.478,0.034,0.114,0.086,0.014,0.03
787,0.39,0.168,0.046,0.294,0.05,0.042,0.01
790,0.618,0.056,0.022,0.22,0.056,0.02,0.008
792,0.266,0.188,0.122,0.318,0.028,0.034,0.044
798,0.45,0.132,0.044,0.26,0.028,0.036,0.05
802,0.654,0.112,0.056,0.106,0.028,0.04,0.004
807,0.528,0.122,0.008,0.184,0.064,0.086,0.008
811,0.49,0.12,0.062,0.216,0.06,0.044,0.008
817,0.632,0.1,0.016,0.18,0.034,0.03,0.008
819,0.688,0.05,0.022,0.176,0.026,0.036,0.002
820,0.484,0.162,0.06,0.182,0.024,0.032,0.056
822,0.532,0.118,0.056,0.16,0.082,0.026,0.026
825,0.364,0.208,0.036,0.176,0.076,0.104,0.036
826,0.424,0.184,0.038,0.2,0.054,0.06,0.04
828,0.254,0.54,0.012,0.104,0.058,0.016,0.016
830,0.648,0.102,0.01,0.144,0.034,0.05,0.012
833,0.26,0.406,0.028,0.154,0.08,0.04,0.032
834,0.52,0.118,0.044,0.202,0.024,0.084,0.008
835,0.59,0.122,0.008,0.16,0.03,0.082,0.008
842,0.416,0.196,0.044,0.19,0.104,0.028,0.022
845,0.378,0.29,0.042,0.16,0.058,0.026,0.046
856,0.454,0.172,0.092,0.16,0.034,0.042,0.046
858,0.522,0.088,0.026,0.23,0.04,0.082,0.012
860,0.584,0.078,0.032,0.198,0.06,0.034,0.014
863,0.466,0.228,0.036,0.17,0.056,0.024,0.02
867,0.394,0.124,0.108,0.208,0.074,0.05,0.042
869,0.278,0.2,0.052,0.26,0.066,0.06,0.084
870,0.472,0.122,0.084,0.236,0.036,0.034,0.016
873,0.286,0.156,0.058,0.262,0.054,0.156,0.028
875,0.37,0.214,0.084,0.16,0.074,0.064,0.034
876,0.472,0.21,0.046,0.128,0.026,0.086,0.032
877,0.292,0.384,0.032,0.128,0.07,0.038,0.056
880,0.682,0.154,0.016,0.064,0.03,0.034,0.02
882,0.49,0.122,0.094,0.186,0.034,0.024,0.05
889,0.426,0.142,0.02,0.322,0.046,0.036,0.008
890,0.456,0.118,0.062,0.238,0.068,0.048,0.01
892,0.538,0.164,0.016,0.102,0.112,0.054,0.014
894,0.608,0.114,0.018,0.16,0.03,0.052,0.018
895,0.442,0.104,0.05,0.302,0.046,0.042,0.014
896,0.638,0.086,0.026,0.146,0.024,0.07,0.01
897,0.264,0.176,0.096,0.27,0.056,0.034,0.104
900,0.67,0.114,0.014,0.118,0.032,0.046,0.006
902,0.176,0.642,0.04,0.084,0.016,0.016,0.026
905,0.5,0.074,0.034,0.272,0.058,0.048,0.014
908,0.532,0.156,0.048,0.124,0.054,0.05,0.036
909,0.538,0.114,0.02,0.194,0.06,0.06,0.014
916,0.554,0.11,0.056,0.176,0.062,0.042,0.0
920,0.656,0.094,0.034,0.132,0.014,0.064,0.006
923,0.312,0.18,0.174,0.168,0.04,0.052,0.074
924,0.294,0.316,0.07,0.108,0.102,0.068,0.042
932,0.44,0.188,0.058,0.178,0.058,0.074,0.004
935,0.516,0.18,0.034,0.12,0.028,0.07,0.052
944,0.796,0.016,0.02,0.142,0.012,0.008,0.006
947,0.59,0.166,0.04,0.108,0.048,0.028,0.02
951,0.796,0.034,0.008,0.136,0.012,0.012,0.002
952,0.242,0.164,0.468,0.064,0.014,0.044,0.004
954,0.49,0.202,0.02,0.19,0.048,0.03,0.02
957,0.418,0.232,0.082,0.14,0.052,0.054,0.022
958,0.4,0.092,0.044,0.35,0.056,0.054,0.004
962,0.712,0.078,0.002,0.138,0.038,0.018,0.014
966,0.462,0.104,0.064,0.132,0.036,0.172,0.03
967,0.398,0.292,0.016,0.142,0.062,0.078,0.012
968,0.364,0.332,0.03,0.064,0.08,0.108,0.022
975,0.262,0.546,0.042,0.09,0.024,0.01,0.026
977,0.358,0.348,0.034,0.13,0.066,0.028,0.036
986,0.184,0.71,0.006,0.028,0.022,0.042,0.008
988,0.188,0.652,0.002,0.068,0.068,0.01,0.012
998,0.3,0.196,0.054,0.332,0.04,0.052,0.026
1015,0.236,0.488,0.026,0.106,0.06,0.064,0.02
1016,0.22,0.546,0.016,0.084,0.05,0.058,0.026
1019,0.286,0.446,0.022,0.134,0.038,0.042,0.032
1023,0.3,0.448,0.014,0.104,0.054,0.054,0.026
1028,0.25,0.548,0.008,0.076,0.01,0.102,0.006
1033,0.274,0.444,0.01,0.076,0.09,0.074,0.032
1041,0.472,0.24,0.012,0.104,0.056,0.094,0.022
1044,0.404,0.262,0.02,0.124,0.06,0.096,0.034
1045,0.654,0.078,0.026,0.14,0.02,0.068,0.014
1048,0.664,0.168,0.014,0.084,0.032,0.032,0.006
1051,0.516,0.184,0.018,0.13,0.062,0.078,0.012
1052,0.26,0.206,0.09,0.336,0.038,0.02,0.05
1056,0.608,0.178,0.024,0.086,0.042,0.052,0.01
1059,0.318,0.414,0.016,0.108,0.074,0.054,0.016
1060,0.622,0.092,0.022,0.15,0.05,0.054,0.01
1065,0.472,0.24,0.032,0.104,0.104,0.036,0.012
1070,0.464,0.248,0.016,0.148,0.056,0.052,0.016
1074,0.424,0.248,0.018,0.104,0.068,0.098,0.04
1089,0.218,0.71,0.014,0.036,0.008,0.008,0.006
1093,0.42,0.188,0.036,0.196,0.104,0.034,0.022
1095,0.256,0.298,0.094,0.172,0.028,0.036,0.116
1096,0.336,0.224,0.06,0.202,0.05,0.092,0.036
1098,0.542,0.124,0.014,0.128,0.05,0.134,0.008
1101,0.276,0.466,0.028,0.074,0.074,0.05,0.032
1102,0.302,0.496,0.018,0.084,0.054,0.024,0.022
1105,0.508,0.064,0.014,0.34,0.028,0.044,0.002
1108,0.496,0.28,0.032,0.06,0.068,0.05,0.014
1114,0.404,0.294,0.012,0.066,0.074,0.124,0.026
1121,0.47,0.326,0.02,0.078,0.044,0.044,0.018
1123,0.41,0.26,0.032,0.15,0.04,0.084,0.024
1125,0.76,0.076,0.008,0.056,0.018,0.076,0.006
1126,0.548,0.276,0.012,0.088,0.036,0.024,0.016
1127,0.56,0.172,0.008,0.092,0.018,0.134,0.016
1128,0.592,0.142,0.028,0.132,0.04,0.052,0.014
1131,0.37,0.058,0.012,0.28,0.166,0.11,0.004
1134,0.206,0.31,0.026,0.198,0.192,0.046,0.022
1139,0.52,0.074,0.098,0.188,0.034,0.07,0.016
1143,0.28,0.426,0.014,0.084,0.088,0.078,0.03
1149,0.444,0.346,0.004,0.042,0.054,0.096,0.014
1151,0.718,0.072,0.024,0.112,0.024,0.042,0.008
1155,0.602,0.116,0.016,0.176,0.046,0.028,0.016
1156,0.27,0.396,0.038,0.126,0.04,0.078,0.052
1164,0.66,0.122,0.012,0.094,0.028,0.068,0.016
1165,0.472,0.124,0.066,0.208,0.056,0.062,0.012
1167,0.4,0.124,0.032,0.294,0.044,0.044,0.062
1168,0.388,0.258,0.024,0.202,0.08,0.028,0.02
1178,0.042,0.938,0.002,0.008,0.006,0.004,0.0
1180,0.462,0.212,0.046,0.126,0.062,0.066,0.026
1183,0.432,0.212,0.048,0.182,0.04,0.054,0.032
1185,0.36,0.418,0.024,0.104,0.028,0.052,0.014
1191,0.81,0.032,0.014,0.086,0.022,0.03,0.006
1192,0.762,0.116,0.002,0.058,0.022,0.036,0.004
1197,0.598,0.136,0.018,0.158,0.032,0.05,0.008
1200,0.21,0.296,0.024,0.156,0.064,0.054,0.196
1202,0.414,0.232,0.02,0.164,0.058,0.092,0.02
1204,0.556,0.182,0.014,0.098,0.074,0.052,0.024
1206,0.292,0.2,0.056,0.32,0.044,0.05,0.038
1210,0.456,0.218,0.03,0.144,0.036,0.076,0.04
1211,0.666,0.09,0.012,0.126,0.02,0.07,0.016
1218,0.372,0.226,0.02,0.24,0.078,0.032,0.032
1231,0.632,0.12,0.006,0.078,0.034,0.116,0.014
1232,0.614,0.142,0.006,0.096,0.036,0.09,0.016
1233,0.706,0.022,0.032,0.186,0.032,0.018,0.004
1235,0.48,0.144,0.016,0.172,0.036,0.136,0.016
1240,0.28,0.388,0.024,0.114,0.114,0.052,0.028
1244,0.388,0.348,0.018,0.192,0.022,0.01,0.022
1245,0.264,0.13,0.296,0.208,0.028,0.046,0.028
1248,0.336,0.262,0.05,0.166,0.106,0.072,0.008
1249,0.34,0.34,0.018,0.16,0.05,0.05,0.042
1250,0.594,0.058,0.038,0.216,0.038,0.04,0.016
1255,0.202,0.328,0.032,0.206,0.146,0.07,0.016
1256,0.496,0.106,0.034,0.19,0.058,0.1,0.016
1260,0.31,0.444,0.01,0.102,0.052,0.054,0.028
1264,0.518,0.256,0.018,0.07,0.072,0.038,0.028
1265,0.274,0.344,0.014,0.166,0.142,0.036,0.024
1266,0.344,0.312,0.064,0.136,0.072,0.044,0.028
1275,0.222,0.556,0.048,0.034,0.028,0.05,0.062
1277,0.548,0.152,0.034,0.16,0.072,0.022,0.012
1281,0.48,0.1,0.062,0.284,0.028,0.03,0.016
1284,0.528,0.138,0.018,0.156,0.064,0.08,0.016
1286,0.556,0.104,0.052,0.202,0.022,0.05,0.014
1288,0.204,0.268,0.024,0.242,0.18,0.06,0.022
1289,0.51,0.208,0.02,0.116,0.054,0.07,0.022
1293,0.56,0.152,0.028,0.112,0.052,0.08,0.016
1294,0.408,0.164,0.058,0.262,0.058,0.038,0.012
1296,0.376,0.292,0.028,0.126,0.062,0.068,0.048
1297,0.38,0.304,0.018,0.22,0.026,0.034,0.018
1299,0.326,0.5,0.012,0.04,0.05,0.048,0.024
1303,0.596,0.156,0.008,0.144,0.05,0.036,0.01
1304,0.546,0.09,0.028,0.216,0.034,0.022,0.064
1306,0.642,0.106,0.042,0.106,0.054,0.026,0.024
1312,0.474,0.142,0.024,0.262,0.058,0.036,0.004
1313,0.458,0.214,0.016,0.196,0.024,0.07,0.022
1314,0.572,0.16,0.034,0.13,0.03,0.06,0.014
1322,0.242,0.508,0.03,0.104,0.064,0.03,0.022
1328,0.518,0.182,0.018,0.112,0.074,0.078,0.018
1329,0.284,0.372,0.028,0.16,0.062,0.022,0.072
1331,0.558,0.168,0.02,0.134,0.032,0.07,0.018
1335,0.276,0.212,0.152,0.196,0.064,0.058,0.042
1337,0.524,0.152,0.028,0.18,0.044,0.038,0.034
1345,0.242,0.208,0.052,0.24,0.046,0.064,0.148
1348,0.31,0.242,0.016,0.256,0.066,0.06,0.05
1350,0.54,0.174,0.026,0.124,0.062,0.068,0.006
1351,0.724,0.054,0.026,0.12,0.036,0.034,0.006
1355,0.738,0.082,0.014,0.068,0.032,0.058,0.008
1360,0.25,0.212,0.062,0.302,0.088,0.042,0.044
1366,0.606,0.1,0.038,0.162,0.052,0.022,0.02
1367,0.292,0.148,0.032,0.342,0.074,0.1,0.012
1372,0.258,0.11,0.026,0.398,0.1,0.088,0.02
1375,0.44,0.188,0.052,0.212,0.022,0.078,0.008
1377,0.724,0.094,0.018,0.082,0.04,0.03,0.012
1379,0.484,0.088,0.042,0.194,0.06,0.12,0.012
1380,0.676,0.092,0.006,0.106,0.036,0.078,0.006
1382,0.576,0.096,0.01,0.168,0.05,0.086,0.014
1383,0.55,0.134,0.058,0.094,0.1,0.042,0.022
1384,0.494,0.236,0.008,0.098,0.094,0.06,0.01
1386,0.4,0.176,0.074,0.258,0.052,0.02,0.02
1387,0.294,0.412,0.054,0.136,0.07,0.014,0.02
1389,0.534,0.112,0.026,0.226,0.028,0.028,0.046
1391,0.536,0.14,0.038,0.122,0.08,0.074,0.01
1392,0.566,0.054,0.016,0.194,0.068,0.1,0.002
1395,0.542,0.144,0.02,0.124,0.06,0.076,0.034
1398,0.706,0.156,0.004,0.066,0.034,0.022,0.012
1411,0.548,0.108,0.038,0.17,0.046,0.03,0.06
1412,0.802,0.05,0.018,0.096,0.016,0.016,0.002
1422,0.322,0.336,0.028,0.144,0.062,0.076,0.032
1427,0.472,0.228,0.016,0.152,0.042,0.06,0.03
1435,0.434,0.122,0.014,0.272,0.108,0.04,0.01
1439,0.782,0.052,0.014,0.072,0.052,0.02,0.008
1443,0.442,0.126,0.016,0.254,0.104,0.052,0.006
1449,0.386,0.192,0.024,0.294,0.036,0.056,0.012
1460,0.66,0.1,0.024,0.138,0.032,0.042,0.004
1462,0.628,0.046,0.008,0.208,0.052,0.048,0.01
1467,0.308,0.114,0.03,0.438,0.042,0.056,0.012
1471,0.49,0.234,0.026,0.112,0.056,0.058,0.024
1473,0.728,0.118,0.014,0.076,0.032,0.03,0.002
1474,0.656,0.136,0.03,0.098,0.04,0.026,0.014
1479,0.742,0.098,0.02,0.068,0.036,0.036,0.0
1483,0.646,0.17,0.014,0.086,0.028,0.034,0.022
1485,0.488,0.28,0.024,0.072,0.06,0.056,0.02
1489,0.408,0.21,0.052,0.158,0.078,0.054,0.04
1490,0.634,0.066,0.012,0.176,0.036,0.054,0.022
1493,0.452,0.346,0.006,0.096,0.06,0.028,0.012
1497,0.534,0.12,0.022,0.196,0.058,0.064,0.006
1498,0.534,0.218,0.042,0.124,0.038,0.034,0.01
1501,0.444,0.278,0.028,0.1,0.04,0.052,0.058
1505,0.632,0.162,0.024,0.104,0.032,0.03,0.016
1506,0.434,0.184,0.02,0.226,0.044,0.066,0.026
1510,0.568,0.156,0.018,0.114,0.08,0.042,0.022
1511,0.496,0.234,0.044,0.078,0.064,0.07,0.014
1514,0.258,0.106,0.012,0.518,0.05,0.038,0.018
1519,0.55,0.154,0.022,0.19,0.036,0.036,0.012
1520,0.556,0.144,0.02,0.126,0.08,0.07,0.004
1522,0.546,0.082,0.034,0.21,0.04,0.072,0.016
1527,0.302,0.206,0.016,0.312,0.044,0.068,0.052
1529,0.404,0.158,0.046,0.256,0.05,0.052,0.034
1534,0.566,0.12,0.032,0.128,0.052,0.084,0.018
1536,0.602,0.112,0.012,0.162,0.038,0.05,0.024
1538,0.728,0.084,0.012,0.084,0.032,0.052,0.008
1541,0.34,0.264,0.064,0.146,0.084,0.066,0.036
1542,0.644,0.18,0.044,0.06,0.03,0.036,0.006
1545,0.538,0.14,0.034,0.184,0.046,0.046,0.012
1549,0.502,0.186,0.034,0.102,0.08,0.06,0.036
1554,0.454,0.214,0.022,0.126,0.102,0.066,0.016
1557,0.554,0.122,0.024,0.194,0.028,0.064,0.014
1561,0.686,0.13,0.02,0.072,0.026,0.062,0.004
1564,0.29,0.318,0.038,0.142,0.052,0.066,0.094
1565,0.318,0.234,0.072,0.188,0.056,0.098,0.034
1566,0.598,0.074,0.032,0.188,0.048,0.044,0.016
1571,0.25,0.554,0.03,0.066,0.06,0.022,0.018
1573,0.408,0.182,0.08,0.224,0.032,0.044,0.03
1574,0.21,0.418,0.088,0.182,0.042,0.026,0.034
1576,0.292,0.306,0.09,0.136,0.046,0.094,0.036
1578,0.866,0.03,0.014,0.066,0.004,0.014,0.006
1590,0.586,0.084,0.034,0.206,0.042,0.04,0.008
1593,0.482,0.222,0.016,0.114,0.086,0.03,0.05
1596,0.668,0.082,0.038,0.13,0.03,0.034,0.018
1598,0.386,0.312,0.024,0.094,0.04,0.122,0.022
1599,0.316,0.254,0.046,0.228,0.084,0.032,0.04
1600,0.55,0.158,0.024,0.098,0.116,0.032,0.022
1605,0.566,0.13,0.016,0.204,0.026,0.04,0.018
1606,0.406,0.332,0.042,0.11,0.042,0.04,0.028
1609,0.65,0.126,0.02,0.118,0.038,0.04,0.008
1611,0.562,0.088,0.024,0.244,0.018,0.044,0.02
1613,0.32,0.222,0.04,0.174,0.052,0.022,0.17
1614,0.63,0.094,0.01,0.158,0.038,0.062,0.008
1616,0.316,0.356,0.032,0.164,0.054,0.028,0.05
1617,0.678,0.09,0.006,0.176,0.012,0.034,0.004
1620,0.392,0.382,0.022,0.104,0.026,0.038,0.036
1622,0.538,0.108,0.054,0.168,0.05,0.056,0.026
1624,0.566,0.044,0.05,0.22,0.052,0.064,0.004
1626,0.778,0.054,0.038,0.088,0.008,0.028,0.006
1627,0.504,0.088,0.05,0.254,0.046,0.038,0.02
1628,0.752,0.038,0.018,0.126,0.032,0.028,0.006
1629,0.372,0.232,0.034,0.23,0.04,0.042,0.05
1634,0.432,0.17,0.054,0.24,0.06,0.034,0.01
1635,0.398,0.264,0.02,0.204,0.06,0.03,0.024
1636,0.678,0.08,0.012,0.118,0.054,0.042,0.016
1640,0.378,0.14,0.094,0.19,0.046,0.108,0.044
1642,0.394,0.17,0.034,0.224,0.07,0.068,0.04
1643,0.256,0.292,0.064,0.29,0.056,0.018,0.024
1646,0.376,0.278,0.034,0.222,0.046,0.026,0.018
1648,0.614,0.092,0.03,0.126,0.01,0.112,0.016
1650,0.624,0.11,0.05,0.15,0.02,0.044,0.002
1654,0.488,0.196,0.034,0.128,0.058,0.064,0.032
1655,0.49,0.28,0.014,0.094,0.048,0.048,0.026
1656,0.446,0.136,0.004,0.276,0.052,0.078,0.008
1657,0.51,0.138,0.034,0.19,0.022,0.084,0.022
1658,0.544,0.158,0.046,0.126,0.078,0.034,0.014
1675,0.326,0.366,0.042,0.118,0.076,0.038,0.034
1677,0.474,0.116,0.088,0.2,0.026,0.078,0.018
1679,0.598,0.208,0.022,0.082,0.054,0.026,0.01
1680,0.492,0.14,0.066,0.138,0.128,0.016,0.02
1681,0.28,0.384,0.072,0.11,0.082,0.018,0.054
1687,0.534,0.058,0.012,0.306,0.046,0.038,0.006
1688,0.388,0.134,0.018,0.294,0.066,0.092,0.008
1689,0.656,0.07,0.024,0.168,0.042,0.036,0.004
1719,0.554,0.072,0.022,0.254,0.022,0.058,0.018
1721,0.56,0.072,0.034,0.208,0.042,0.066,0.018
1723,0.206,0.206,0.018,0.372,0.156,0.022,0.02
1729,0.518,0.178,0.038,0.104,0.068,0.068,0.026
1730,0.426,0.222,0.026,0.146,0.112,0.052,0.016
1732,0.536,0.186,0.03,0.136,0.058,0.026,0.028
1736,0.592,0.176,0.026,0.06,0.07,0.048,0.028
1738,0.708,0.062,0.034,0.084,0.034,0.064,0.014
1740,0.418,0.114,0.028,0.326,0.068,0.038,0.008
1741,0.744,0.12,0.014,0.044,0.032,0.04,0.006
1745,0.766,0.062,0.022,0.08,0.036,0.024,0.01
1747,0.466,0.202,0.044,0.094,0.044,0.148,0.002
1748,0.51,0.044,0.02,0.328,0.052,0.044,0.002
1760,0.554,0.216,0.024,0.086,0.076,0.024,0.02
1763,0.48,0.158,0.016,0.188,0.114,0.036,0.008
1770,0.398,0.258,0.028,0.138,0.06,0.064,0.054
1771,0.468,0.106,0.026,0.264,0.094,0.028,0.014
1772,0.48,0.092,0.016,0.282,0.076,0.042,0.012
1776,0.482,0.146,0.024,0.152,0.098,0.064,0.034
1789,0.424,0.21,0.014,0.208,0.04,0.086,0.018
1792,0.6,0.066,0.024,0.16,0.076,0.07,0.004
1793,0.466,0.21,0.036,0.148,0.068,0.048,0.024
1797,0.486,0.144,0.016,0.238,0.046,0.066,0.004
1799,0.71,0.128,0.032,0.056,0.046,0.022,0.006
1802,0.412,0.27,0.018,0.114,0.058,0.088,0.04
1808,0.824,0.07,0.01,0.052,0.018,0.024,0.002
1813,0.59,0.162,0.036,0.078,0.032,0.074,0.028
1814,0.692,0.056,0.022,0.154,0.058,0.016,0.002
1816,0.436,0.204,0.028,0.098,0.092,0.128,0.014
1819,0.288,0.282,0.052,0.206,0.05,0.106,0.016
1820,0.538,0.118,0.032,0.208,0.052,0.044,0.008
1824,0.502,0.1,0.034,0.27,0.03,0.05,0.014
1826,0.418,0.168,0.08,0.22,0.05,0.046,0.018
1829,0.358,0.374,0.008,0.08,0.122,0.042,0.016
1830,0.472,0.164,0.014,0.168,0.05,0.122,0.01
1834,0.332,0.362,0.032,0.086,0.116,0.044,0.028
1835,0.434,0.234,0.052,0.112,0.046,0.068,0.054
1837,0.618,0.134,0.026,0.136,0.04,0.042,0.004
1840,0.496,0.26,0.01,0.118,0.052,0.038,0.026
1841,0.602,0.112,0.028,0.114,0.072,0.046,0.026
1842,0.374,0.142,0.044,0.326,0.052,0.052,0.01
1843,0.632,0.124,0.012,0.122,0.028,0.068,0.014
1847,0.64,0.168,0.022,0.036,0.07,0.05,0.014
1851,0.524,0.2,0.042,0.122,0.048,0.046,0.018
1853,0.604,0.174,0.014,0.074,0.086,0.042,0.006
1858,0.634,0.098,0.028,0.138,0.034,0.056,0.012
1864,0.388,0.27,0.034,0.192,0.042,0.026,0.048
1867,0.232,0.188,0.27,0.15,0.072,0.056,0.032
1868,0.306,0.224,0.158,0.19,0.036,0.044,0.042
1876,0.286,0.296,0.028,0.134,0.098,0.11,0.048
1877,0.64,0.072,0.012,0.16,0.028,0.076,0.012
1879,0.51,0.208,0.034,0.114,0.044,0.072,0.018
1880,0.7,0.152,0.016,0.068,0.028,0.024,0.012
1881,0.616,0.07,0.08,0.158,0.038,0.026,0.012
1885,0.48,0.06,0.006,0.246,0.12,0.08,0.008
1887,0.362,0.324,0.068,0.132,0.044,0.044,0.026
1891,0.552,0.058,0.052,0.258,0.042,0.026,0.012
1892,0.552,0.092,0.054,0.238,0.02,0.04,0.004
1893,0.256,0.22,0.018,0.29,0.104,0.054,0.058
1895,0.354,0.416,0.008,0.094,0.064,0.058,0.006
1899,0.284,0.21,0.18,0.18,0.052,0.054,0.04
1907,0.404,0.234,0.052,0.168,0.058,0.068,0.016
1908,0.318,0.354,0.042,0.12,0.07,0.046,0.05
1910,0.466,0.184,0.058,0.196,0.052,0.028,0.016
1913,0.302,0.192,0.038,0.206,0.078,0.038,0.146
1915,0.486,0.152,0.036,0.104,0.118,0.09,0.014
1918,0.344,0.174,0.098,0.214,0.036,0.056,0.078
1919,0.462,0.142,0.076,0.194,0.052,0.054,0.02
1924,0.642,0.056,0.026,0.208,0.032,0.028,0.008
1929,0.336,0.276,0.046,0.178,0.076,0.044,0.044
1932,0.45,0.162,0.046,0.242,0.038,0.028,0.034
1943,0.266,0.15,0.036,0.428,0.056,0.058,0.006
1947,0.578,0.076,0.014,0.246,0.028,0.036,0.022
1949,0.514,0.184,0.016,0.118,0.058,0.094,0.016
1961,0.334,0.096,0.092,0.386,0.03,0.034,0.028
1966,0.304,0.274,0.02,0.19,0.124,0.07,0.018
1967,0.55,0.094,0.03,0.238,0.022,0.052,0.014
1971,0.448,0.176,0.042,0.218,0.046,0.042,0.028
1972,0.642,0.068,0.02,0.138,0.064,0.04,0.028
1976,0.628,0.116,0.01,0.154,0.032,0.036,0.024
1985,0.562,0.156,0.024,0.136,0.032,0.078,0.012
1993,0.63,0.098,0.02,0.162,0.044,0.04,0.006
1995,0.47,0.272,0.028,0.138,0.036,0.022,0.034
2002,0.6,0.118,0.012,0.16,0.028,0.078,0.004
2006,0.624,0.114,0.02,0.124,0.046,0.048,0.024
2007,0.448,0.252,0.014,0.148,0.064,0.042,0.032
2008,0.444,0.196,0.024,0.174,0.076,0.066,0.02
2012,0.326,0.196,0.016,0.334,0.054,0.054,0.02
2014,0.354,0.312,0.024,0.186,0.034,0.038,0.052
2016,0.44,0.052,0.022,0.378,0.058,0.044,0.006
2023,0.762,0.064,0.01,0.086,0.04,0.036,0.002
2024,0.656,0.078,0.008,0.156,0.03,0.064,0.008
2030,0.47,0.158,0.082,0.146,0.046,0.058,0.04
2031,0.362,0.152,0.028,0.206,0.174,0.066,0.012
2043,0.288,0.328,0.022,0.176,0.086,0.064,0.036
2051,0.314,0.038,0.002,0.348,0.074,0.222,0.002
2055,0.406,0.308,0.036,0.132,0.058,0.032,0.028
2056,0.618,0.04,0.022,0.272,0.01,0.024,0.014
2059,0.446,0.276,0.012,0.118,0.082,0.028,0.038
2060,0.424,0.226,0.028,0.2,0.072,0.04,0.01
2065,0.512,0.166,0.014,0.06,0.038,0.198,0.012
2067,0.276,0.124,0.026,0.314,0.226,0.026,0.008
2068,0.274,0.154,0.046,0.338,0.15,0.034,0.004
2072,0.606,0.074,0.028,0.22,0.038,0.032,0.002
2074,0.624,0.096,0.02,0.19,0.022,0.034,0.014
2075,0.666,0.082,0.014,0.184,0.032,0.022,0.0
2078,0.532,0.176,0.022,0.166,0.042,0.042,0.02
2082,0.376,0.27,0.046,0.162,0.052,0.092,0.002
2090,0.46,0.184,0.01,0.218,0.054,0.062,0.012
2094,0.718,0.056,0.01,0.166,0.022,0.022,0.006
2096,0.43,0.186,0.042,0.158,0.082,0.086,0.016
2097,0.36,0.17,0.008,0.292,0.092,0.066,0.012
2098,0.578,0.076,0.008,0.208,0.07,0.06,0.0
2107,0.438,0.176,0.064,0.232,0.022,0.054,0.014
2110,0.456,0.142,0.052,0.178,0.052,0.056,0.064
2111,0.496,0.18,0.022,0.184,0.036,0.066,0.016
2112,0.48,0.246,0.03,0.094,0.078,0.06,0.012
2113,0.546,0.16,0.034,0.118,0.052,0.074,0.016
2114,0.578,0.184,0.024,0.084,0.06,0.032,0.038
2115,0.24,0.176,0.012,0.352,0.076,0.118,0.026
2119,0.54,0.142,0.028,0.188,0.056,0.032,0.014
2126,0.408,0.076,0.046,0.364,0.058,0.032,0.016
2127,0.43,0.114,0.044,0.294,0.05,0.042,0.026
2132,0.24,0.502,0.07,0.074,0.048,0.036,0.03
2143,0.516,0.152,0.03,0.192,0.038,0.04,0.032
2149,0.452,0.176,0.062,0.142,0.042,0.096,0.03
2151,0.36,0.386,0.008,0.094,0.07,0.044,0.038
2153,0.53,0.16,0.028,0.094,0.038,0.12,0.03
2156,0.354,0.402,0.026,0.076,0.046,0.086,0.01
2158,0.056,0.914,0.008,0.004,0.0,0.01,0.008
2164,0.538,0.244,0.026,0.096,0.032,0.048,0.016
2167,0.594,0.176,0.028,0.084,0.052,0.054,0.012
2168,0.29,0.38,0.024,0.124,0.1,0.026,0.056
2176,0.614,0.116,0.01,0.156,0.046,0.05,0.008
2177,0.46,0.144,0.072,0.196,0.058,0.046,0.024
2178,0.808,0.042,0.02,0.098,0.01,0.014,0.008
2179,0.506,0.186,0.018,0.192,0.042,0.042,0.014
2188,0.504,0.148,0.064,0.182,0.034,0.062,0.006
2189,0.624,0.076,0.034,0.15,0.062,0.04,0.014
2198,0.354,0.362,0.014,0.122,0.062,0.062,0.024
2202,0.536,0.094,0.042,0.15,0.052,0.1,0.026
2204,0.59,0.062,0.008,0.126,0.046,0.154,0.014
2207,0.618,0.118,0.022,0.136,0.054,0.038,0.014
2209,0.644,0.076,0.022,0.164,0.044,0.044,0.006
2210,0.638,0.14,0.02,0.096,0.048,0.052,0.006
2212,0.362,0.146,0.106,0.28,0.056,0.016,0.034
2217,0.72,0.082,0.008,0.112,0.046,0.018,0.014
2220,0.5,0.242,0.018,0.068,0.112,0.032,0.028
2221,0.468,0.116,0.066,0.26,0.044,0.042,0.004
2233,0.24,0.416,0.058,0.158,0.058,0.032,0.038
2234,0.314,0.314,0.034,0.218,0.062,0.034,0.024
2236,0.43,0.25,0.03,0.186,0.038,0.038,0.028
2241,0.404,0.082,0.066,0.342,0.034,0.052,0.02
2243,0.362,0.134,0.046,0.25,0.058,0.128,0.022
2245,0.626,0.064,0.01,0.158,0.052,0.08,0.01
2249,0.488,0.136,0.048,0.204,0.048,0.05,0.026
2255,0.614,0.15,0.04,0.088,0.062,0.024,0.022
2256,0.436,0.14,0.026,0.262,0.058,0.056,0.022
2258,0.448,0.166,0.052,0.264,0.02,0.026,0.024
2279,0.552,0.118,0.044,0.166,0.058,0.044,0.018
2280,0.428,0.284,0.008,0.104,0.054,0.12,0.002
2284,0.474,0.172,0.072,0.14,0.054,0.07,0.018
2287,0.528,0.188,0.02,0.136,0.068,0.04,0.02
2288,0.476,0.176,0.054,0.196,0.018,0.042,0.038
2289,0.554,0.092,0.03,0.174,0.042,0.082,0.026
2293,0.43,0.29,0.024,0.138,0.032,0.046,0.04
2295,0.412,0.334,0.01,0.096,0.064,0.062,0.022
2296,0.526,0.196,0.012,0.148,0.036,0.062,0.02
2297,0.492,0.184,0.048,0.166,0.042,0.05,0.018
2304,0.458,0.348,0.018,0.086,0.038,0.046,0.006
2305,0.538,0.044,0.024,0.34,0.026,0.022,0.006
2318,0.504,0.272,0.028,0.098,0.034,0.048,0.016
2324,0.368,0.086,0.102,0.322,0.038,0.068,0.016
2326,0.534,0.136,0.022,0.122,0.044,0.138,0.004
2331,0.602,0.062,0.056,0.174,0.08,0.02,0.006
2335,0.488,0.216,0.026,0.104,0.064,0.084,0.018
2339,0.45,0.12,0.012,0.142,0.07,0.2,0.006
2340,0.18,0.23,0.05,0.128,0.276,0.062,0.074
2343,0.648,0.094,0.044,0.066,0.056,0.074,0.018
2345,0.764,0.106,0.016,0.056,0.014,0.044,0.0
2348,0.388,0.174,0.046,0.268,0.064,0.04,0.02
2350,0.148,0.428,0.024,0.252,0.068,0.048,0.032
2351,0.286,0.124,0.042,0.312,0.156,0.068,0.012
2365,0.42,0.268,0.012,0.13,0.06,0.04,0.07
2370,0.476,0.12,0.038,0.24,0.06,0.048,0.018
2374,0.53,0.134,0.01,0.194,0.052,0.072,0.008
2376,0.504,0.22,0.03,0.102,0.048,0.064,0.032
2378,0.456,0.176,0.044,0.21,0.046,0.048,0.02
2379,0.432,0.246,0.016,0.1,0.074,0.09,0.042
2380,0.172,0.158,0.018,0.472,0.144,0.024,0.012
2381,0.216,0.214,0.01,0.358,0.166,0.024,0.012
2385,0.328,0.166,0.036,0.278,0.1,0.044,0.048
2394,0.67,0.142,0.02,0.086,0.026,0.038,0.018
2395,0.468,0.228,0.048,0.062,0.14,0.038,0.016
2396,0.33,0.124,0.026,0.348,0.114,0.052,0.006
2403,0.416,0.182,0.028,0.276,0.048,0.042,0.008
2404,0.508,0.16,0.02,0.144,0.062,0.082,0.024
2407,0.552,0.228,0.02,0.094,0.036,0.064,0.006
2415,0.622,0.156,0.012,0.072,0.038,0.064,0.036
2423,0.444,0.286,0.022,0.06,0.104,0.064,0.02
2425,0.544,0.148,0.038,0.136,0.06,0.064,0.01
2427,0.456,0.306,0.01,0.068,0.108,0.042,0.01
2430,0.502,0.148,0.026,0.138,0.072,0.092,0.022
2433,0.66,0.126,0.012,0.128,0.018,0.038,0.018
2439,0.636,0.086,0.042,0.148,0.048,0.036,0.004
2440,0.504,0.146,0.05,0.18,0.06,0.046,0.014
2443,0.592,0.136,0.032,0.134,0.056,0.036,0.014
2446,0.498,0.186,0.02,0.106,0.042,0.13,0.018
2447,0.562,0.108,0.036,0.188,0.046,0.036,0.024
2449,0.342,0.292,0.066,0.174,0.05,0.056,0.02
2450,0.346,0.342,0.03,0.1,0.1,0.07,0.012
2451,0.452,0.232,0.082,0.16,0.024,0.038,0.012
2455,0.446,0.07,0.06,0.254,0.044,0.116,0.01
2458,0.258,0.182,0.082,0.272,0.068,0.03,0.108
2460,0.494,0.164,0.022,0.106,0.024,0.154,0.036
2462,0.502,0.184,0.012,0.178,0.048,0.044,0.032
2466,0.43,0.27,0.028,0.118,0.058,0.07,0.026
2467,0.664,0.064,0.03,0.162,0.032,0.042,0.006
2472,0.548,0.15,0.036,0.164,0.05,0.044,0.008
2474,0.6,0.132,0.054,0.134,0.036,0.038,0.006
2478,0.688,0.07,0.014,0.11,0.068,0.044,0.006
2482,0.44,0.062,0.04,0.32,0.046,0.076,0.016
2483,0.644,0.072,0.024,0.114,0.054,0.078,0.014
2485,0.622,0.068,0.006,0.15,0.1,0.052,0.002
2500,0.59,0.202,0.016,0.136,0.016,0.026,0.014
2502,0.476,0.124,0.048,0.212,0.048,0.082,0.01
2503,0.48,0.1,0.046,0.232,0.028,0.108,0.006
2506,0.322,0.236,0.094,0.19,0.054,0.056,0.048
2512,0.36,0.272,0.036,0.164,0.08,0.06,0.028
2519,0.566,0.122,0.03,0.164,0.048,0.066,0.004
2520,0.314,0.352,0.056,0.188,0.034,0.034,0.022
2521,0.288,0.362,0.04,0.118,0.114,0.05,0.028
2523,0.53,0.072,0.036,0.182,0.082,0.094,0.004
2526,0.232,0.49,0.038,0.134,0.03,0.024,0.052
2527,0.266,0.186,0.074,0.314,0.086,0.05,0.024
2529,0.42,0.27,0.02,0.176,0.05,0.05,0.014
2531,0.588,0.196,0.022,0.124,0.038,0.02,0.012
2537,0.462,0.342,0.008,0.064,0.05,0.05,0.024
2538,0.344,0.168,0.084,0.21,0.042,0.058,0.094
2539,0.206,0.374,0.044,0.22,0.066,0.05,0.04
2548,0.62,0.164,0.01,0.088,0.036,0.072,0.01
2549,0.546,0.268,0.004,0.058,0.06,0.052,0.012
2557,0.428,0.254,0.056,0.178,0.028,0.036,0.02
2561,0.554,0.204,0.008,0.08,0.068,0.08,0.006
2572,0.272,0.426,0.01,0.196,0.042,0.032,0.022
2585,0.35,0.186,0.062,0.294,0.032,0.032,0.044
2592,0.388,0.36,0.038,0.082,0.064,0.052,0.016
2593,0.466,0.07,0.072,0.274,0.04,0.064,0.014
2594,0.384,0.254,0.052,0.172,0.048,0.086,0.004
2597,0.828,0.03,0.02,0.102,0.008,0.008,0.004
2598,0.422,0.336,0.008,0.108,0.058,0.048,0.02
2600,0.3,0.336,0.028,0.216,0.028,0.034,0.058
2601,0.348,0.178,0.022,0.316,0.06,0.062,0.014
2603,0.324,0.204,0.026,0.318,0.074,0.042,0.012
2611,0.462,0.282,0.028,0.096,0.038,0.086,0.008
2615,0.384,0.168,0.006,0.298,0.058,0.08,0.006
2619,0.414,0.16,0.036,0.276,0.064,0.04,0.01
2620,0.392,0.178,0.04,0.234,0.092,0.05,0.014
2623,0.526,0.298,0.018,0.062,0.048,0.026,0.022
2628,0.564,0.062,0.018,0.288,0.012,0.042,0.014
2632,0.61,0.118,0.042,0.142,0.046,0.026,0.016
2633,0.574,0.09,0.02,0.162,0.102,0.036,0.016
2635,0.304,0.2,0.034,0.272,0.072,0.054,0.064
2636,0.4,0.106,0.016,0.266,0.11,0.084,0.018
2639,0.458,0.176,0.032,0.216,0.078,0.03,0.01
2640,0.324,0.148,0.012,0.35,0.07,0.088,0.008
2644,0.48,0.298,0.016,0.094,0.042,0.058,0.012
2646,0.56,0.158,0.014,0.146,0.026,0.088,0.008
2648,0.404,0.07,0.022,0.32,0.094,0.082,0.008
2650,0.24,0.58,0.008,0.084,0.02,0.044,0.024
2654,0.342,0.342,0.052,0.134,0.034,0.072,0.024
2655,0.376,0.256,0.01,0.196,0.06,0.068,0.034
2661,0.362,0.31,0.018,0.08,0.142,0.076,0.012
2662,0.546,0.124,0.018,0.174,0.052,0.07,0.016
2664,0.626,0.14,0.008,0.108,0.04,0.068,0.01
2668,0.474,0.172,0.02,0.186,0.066,0.07,0.012
2671,0.476,0.236,0.012,0.144,0.028,0.074,0.03
2674,0.496,0.242,0.008,0.082,0.064,0.078,0.03
2678,0.508,0.15,0.046,0.168,0.044,0.078,0.006
2683,0.638,0.176,0.012,0.092,0.038,0.036,0.008
2684,0.482,0.234,0.03,0.052,0.092,0.052,0.058
2686,0.526,0.098,0.036,0.192,0.072,0.062,0.014
2691,0.428,0.356,0.032,0.064,0.058,0.056,0.006
2694,0.534,0.236,0.02,0.1,0.056,0.04,0.014
2700,0.556,0.158,0.008,0.124,0.072,0.052,0.03
2706,0.736,0.06,0.014,0.142,0.006,0.036,0.006
2708,0.548,0.14,0.05,0.142,0.024,0.084,0.012
2711,0.568,0.184,0.02,0.086,0.054,0.058,0.03
2715,0.546,0.212,0.022,0.106,0.048,0.052,0.014
2716,0.594,0.106,0.034,0.142,0.052,0.052,0.02
2721,0.3,0.564,0.01,0.05,0.032,0.024,0.02
2723,0.464,0.176,0.034,0.196,0.08,0.03,0.02
2727,0.534,0.066,0.064,0.226,0.03,0.07,0.01
2736,0.316,0.152,0.038,0.352,0.06,0.056,0.026
2744,0.624,0.14,0.016,0.116,0.04,0.046,0.018
2747,0.406,0.264,0.024,0.164,0.066,0.068,0.008
2748,0.544,0.134,0.074,0.134,0.036,0.04,0.038
2749,0.748,0.042,0.014,0.138,0.018,0.022,0.018
2750,0.53,0.092,0.042,0.242,0.03,0.032,0.032
2760,0.28,0.37,0.014,0.174,0.086,0.054,0.022
2766,0.528,0.128,0.04,0.142,0.056,0.088,0.018
2769,0.504,0.15,0.036,0.164,0.038,0.09,0.018
2774,0.392,0.196,0.02,0.204,0.104,0.07,0.014
2776,0.246,0.346,0.014,0.224,0.106,0.026,0.038
2779,0.288,0.362,0.01,0.15,0.15,0.024,0.016
2780,0.414,0.088,0.01,0.248,0.094,0.138,0.008
2786,0.612,0.038,0.016,0.244,0.036,0.046,0.008
2787,0.592,0.048,0.068,0.18,0.046,0.052,0.014
2790,0.524,0.184,0.022,0.154,0.042,0.048,0.026
2795,0.418,0.144,0.028,0.234,0.088,0.08,0.008
2796,0.434,0.17,0.004,0.052,0.088,0.192,0.06
2797,0.406,0.244,0.03,0.17,0.046,0.048,0.056
2798,0.696,0.072,0.02,0.132,0.038,0.022,0.02
2800,0.344,0.066,0.008,0.36,0.092,0.128,0.002
2808,0.574,0.212,0.014,0.078,0.042,0.06,0.02
2809,0.262,0.138,0.022,0.232,0.252,0.08,0.014
2810,0.594,0.15,0.038,0.126,0.038,0.044,0.01
2813,0.704,0.136,0.018,0.062,0.046,0.026,0.008
2817,0.612,0.108,0.03,0.12,0.028,0.078,0.024
2825,0.418,0.272,0.026,0.14,0.042,0.068,0.034
2826,0.576,0.162,0.012,0.114,0.044,0.074,0.018
2829,0.702,0.066,0.012,0.154,0.032,0.03,0.004
2830,0.628,0.1,0.024,0.142,0.048,0.052,0.006
2835,0.32,0.19,0.06,0.264,0.066,0.06,0.04
2841,0.562,0.122,0.028,0.2,0.026,0.046,0.016
2857,0.384,0.09,0.018,0.304,0.092,0.102,0.01
2858,0.344,0.234,0.042,0.242,0.062,0.056,0.02
2860,0.658,0.084,0.026,0.172,0.026,0.016,0.018
2864,0.268,0.324,0.018,0.216,0.094,0.052,0.028
2865,0.538,0.178,0.036,0.158,0.028,0.058,0.004
2867,0.412,0.102,0.042,0.202,0.14,0.086,0.016
2871,0.358,0.114,0.014,0.292,0.15,0.07,0.002
2876,0.418,0.138,0.06,0.272,0.068,0.032,0.012
2880,0.38,0.214,0.012,0.224,0.102,0.048,0.02
2883,0.558,0.194,0.036,0.108,0.068,0.024,0.012
2884,0.672,0.094,0.006,0.162,0.028,0.036,0.002
2885,0.472,0.184,0.05,0.118,0.05,0.086,0.04
2887,0.392,0.068,0.06,0.394,0.032,0.048,0.006
2892,0.636,0.078,0.022,0.14,0.034,0.08,0.01
2897,0.54,0.046,0.016,0.246,0.078,0.062,0.012
2898,0.53,0.066,0.008,0.184,0.134,0.07,0.008
2902,0.622,0.134,0.03,0.104,0.058,0.046,0.006
2906,0.648,0.156,0.01,0.064,0.058,0.062,0.002
2908,0.388,0.076,0.09,0.354,0.046,0.036,0.01
2910,0.24,0.466,0.03,0.112,0.094,0.028,0.03
2912,0.58,0.062,0.012,0.212,0.078,0.05,0.006
2919,0.334,0.344,0.008,0.152,0.042,0.104,0.016
2921,0.77,0.074,0.012,0.09,0.02,0.028,0.006
2923,0.486,0.094,0.016,0.302,0.058,0.034,0.01
2925,0.382,0.224,0.04,0.25,0.06,0.03,0.014
2929,0.4,0.294,0.012,0.116,0.108,0.06,0.01
2931,0.576,0.084,0.03,0.222,0.028,0.052,0.008
2935,0.264,0.23,0.05,0.262,0.1,0.064,0.03
2941,0.432,0.13,0.028,0.266,0.066,0.07,0.008
2950,0.41,0.22,0.042,0.146,0.13,0.036,0.016
2954,0.564,0.078,0.02,0.196,0.08,0.058,0.004
2959,0.48,0.23,0.046,0.116,0.06,0.064,0.004
2967,0.86,0.058,0.014,0.028,0.018,0.018,0.004
2972,0.734,0.11,0.022,0.084,0.018,0.03,0.002
2980,0.516,0.32,0.016,0.078,0.026,0.034,0.01
2984,0.494,0.246,0.02,0.11,0.058,0.054,0.018
2989,0.634,0.128,0.008,0.088,0.026,0.102,0.014
2991,0.336,0.262,0.056,0.174,0.046,0.068,0.058
2992,0.602,0.172,0.022,0.144,0.022,0.026,0.012
2993,0.672,0.154,0.002,0.08,0.034,0.054,0.004
2994,0.546,0.206,0.02,0.134,0.044,0.036,0.014
2999,0.564,0.168,0.048,0.08,0.048,0.05,0.042
3000,0.468,0.246,0.034,0.11,0.064,0.03,0.048
3001,0.566,0.13,0.02,0.128,0.104,0.034,0.018
3003,0.454,0.172,0.044,0.186,0.07,0.036,0.038
3005,0.604,0.196,0.016,0.086,0.036,0.048,0.014
3008,0.664,0.066,0.014,0.122,0.082,0.048,0.004
3014,0.394,0.072,0.014,0.354,0.078,0.08,0.008
3018,0.488,0.122,0.018,0.226,0.082,0.058,0.006
3019,0.564,0.11,0.02,0.194,0.068,0.038,0.006
3021,0.54,0.08,0.038,0.238,0.044,0.054,0.006
3022,0.528,0.246,0.04,0.068,0.058,0.044,0.016
3024,0.474,0.144,0.054,0.162,0.054,0.088,0.024
3026,0.452,0.162,0.13,0.142,0.034,0.066,0.014
3029,0.56,0.114,0.036,0.148,0.048,0.028,0.066
3031,0.682,0.008,0.02,0.244,0.022,0.022,0.002
3041,0.606,0.168,0.022,0.084,0.074,0.036,0.01
3046,0.426,0.064,0.014,0.304,0.088,0.096,0.008
3048,0.598,0.198,0.008,0.062,0.03,0.072,0.032
3051,0.888,0.048,0.0,0.038,0.008,0.012,0.006
3059,0.532,0.09,0.046,0.244,0.008,0.054,0.026
3064,0.706,0.058,0.038,0.126,0.016,0.042,0.014
3066,0.534,0.224,0.038,0.126,0.036,0.028,0.014
3067,0.674,0.128,0.014,0.094,0.034,0.036,0.02
3069,0.62,0.114,0.05,0.094,0.06,0.03,0.032
3070,0.482,0.204,0.038,0.1,0.066,0.086,0.024
3079,0.388,0.438,0.022,0.074,0.024,0.048,0.006
3087,0.38,0.08,0.026,0.264,0.152,0.092,0.006
3094,0.398,0.284,0.054,0.162,0.026,0.042,0.034
3095,0.4,0.208,0.05,0.198,0.078,0.044,0.022
3097,0.498,0.142,0.062,0.17,0.044,0.078,0.006
3102,0.326,0.462,0.026,0.098,0.046,0.034,0.008
3105,0.532,0.216,0.028,0.074,0.044,0.094,0.012
3111,0.77,0.112,0.006,0.044,0.026,0.032,0.01
3114,0.52,0.18,0.016,0.146,0.06,0.046,0.032
3117,0.622,0.128,0.008,0.108,0.078,0.048,0.008
3122,0.246,0.084,0.032,0.554,0.028,0.04,0.016
3126,0.606,0.106,0.054,0.152,0.03,0.034,0.018
3127,0.682,0.156,0.038,0.066,0.026,0.016,0.016
3128,0.384,0.344,0.032,0.108,0.046,0.052,0.034
3131,0.526,0.278,0.02,0.09,0.034,0.042,0.01
3132,0.516,0.23,0.01,0.104,0.044,0.082,0.014
3136,0.528,0.21,0.02,0.094,0.066,0.058,0.024
3138,0.59,0.18,0.02,0.062,0.056,0.064,0.028
3142,0.522,0.18,0.016,0.128,0.072,0.06,0.022
3146,0.82,0.048,0.006,0.092,0.014,0.016,0.004
3150,0.564,0.148,0.048,0.144,0.038,0.038,0.02
3153,0.544,0.148,0.038,0.174,0.03,0.052,0.014
3154,0.558,0.112,0.026,0.198,0.044,0.05,0.012
3155,0.504,0.28,0.026,0.074,0.044,0.04,0.032
3158,0.496,0.218,0.036,0.156,0.032,0.036,0.026
3161,0.396,0.258,0.028,0.13,0.064,0.11,0.014
3166,0.496,0.178,0.07,0.124,0.05,0.028,0.054
3168,0.564,0.2,0.038,0.134,0.012,0.038,0.014
3171,0.322,0.456,0.012,0.058,0.104,0.026,0.022
3174,0.67,0.146,0.03,0.074,0.038,0.018,0.024
3175,0.454,0.194,0.046,0.206,0.056,0.02,0.024
3176,0.544,0.04,0.01,0.26,0.08,0.056,0.01
3178,0.532,0.136,0.026,0.174,0.072,0.04,0.02
3181,0.302,0.388,0.016,0.136,0.064,0.062,0.032
3185,0.502,0.186,0.026,0.204,0.05,0.012,0.02
3192,0.534,0.21,0.024,0.142,0.038,0.048,0.004
3195,0.47,0.202,0.014,0.13,0.12,0.034,0.03
3197,0.592,0.17,0.022,0.09,0.066,0.034,0.026
3199,0.43,0.356,0.034,0.078,0.036,0.04,0.026
3208,0.208,0.354,0.148,0.14,0.046,0.024,0.08
3209,0.592,0.036,0.01,0.214,0.056,0.07,0.022
3217,0.708,0.04,0.024,0.166,0.01,0.04,0.012
3218,0.586,0.072,0.02,0.18,0.094,0.044,0.004
3219,0.564,0.224,0.04,0.094,0.046,0.022,0.01
3220,0.442,0.176,0.02,0.216,0.056,0.074,0.016
3221,0.474,0.2,0.01,0.154,0.076,0.076,0.01
3223,0.36,0.072,0.024,0.496,0.018,0.024,0.006
3224,0.478,0.216,0.052,0.152,0.042,0.038,0.022
3226,0.634,0.18,0.034,0.082,0.02,0.044,0.006
3231,0.432,0.17,0.024,0.152,0.12,0.064,0.038
3232,0.464,0.266,0.036,0.09,0.084,0.042,0.018
3234,0.55,0.164,0.018,0.118,0.066,0.062,0.022
3236,0.522,0.3,0.026,0.064,0.036,0.048,0.004
3240,0.766,0.09,0.014,0.068,0.016,0.038,0.008
3244,0.66,0.124,0.028,0.104,0.038,0.036,0.01
3246,0.206,0.36,0.026,0.266,0.05,0.05,0.042
3248,0.356,0.136,0.118,0.176,0.042,0.14,0.032
3253,0.708,0.12,0.008,0.108,0.036,0.016,0.004
3262,0.408,0.284,0.034,0.134,0.06,0.054,0.026
3275,0.434,0.274,0.04,0.09,0.118,0.026,0.018
3279,0.238,0.54,0.006,0.096,0.04,0.056,0.024
3281,0.492,0.264,0.038,0.086,0.052,0.038,0.03
3282,0.396,0.344,0.034,0.082,0.1,0.036,0.008
3284,0.422,0.342,0.02,0.114,0.038,0.054,0.01
3286,0.364,0.236,0.036,0.184,0.04,0.112,0.028
3287,0.324,0.28,0.062,0.168,0.082,0.034,0.05
3295,0.452,0.188,0.092,0.114,0.054,0.048,0.052
3296,0.394,0.204,0.036,0.182,0.058,0.054,0.072
3297,0.434,0.248,0.04,0.126,0.054,0.066,0.032
3299,0.444,0.216,0.044,0.14,0.068,0.044,0.044
3304,0.244,0.29,0.036,0.12,0.164,0.078,0.068
3306,0.318,0.36,0.032,0.164,0.064,0.036,0.026
3309,0.302,0.292,0.052,0.19,0.048,0.048,0.068
3314,0.31,0.402,0.036,0.15,0.032,0.038,0.032
3319,0.322,0.262,0.106,0.14,0.03,0.032,0.108
3320,0.224,0.274,0.162,0.106,0.018,0.042,0.174
3322,0.312,0.268,0.08,0.124,0.08,0.046,0.09
3328,0.684,0.074,0.004,0.16,0.052,0.016,0.01
3334,0.612,0.174,0.024,0.074,0.058,0.032,0.026
3344,0.324,0.224,0.038,0.192,0.046,0.144,0.032
3345,0.36,0.188,0.06,0.21,0.08,0.044,0.058
3347,0.09,0.878,0.006,0.006,0.0,0.018,0.002
3348,0.118,0.836,0.002,0.026,0.0,0.012,0.006
3362,0.306,0.41,0.012,0.122,0.066,0.072,0.012
3367,0.292,0.276,0.042,0.148,0.038,0.036,0.168
3372,0.276,0.224,0.228,0.11,0.054,0.062,0.046
3379,0.544,0.108,0.018,0.212,0.07,0.034,0.014
3381,0.314,0.244,0.064,0.252,0.046,0.066,0.014
3382,0.518,0.27,0.028,0.078,0.036,0.018,0.052
3391,0.372,0.262,0.048,0.094,0.108,0.078,0.038
3396,0.408,0.242,0.038,0.154,0.06,0.07,0.028
3403,0.188,0.396,0.018,0.17,0.18,0.034,0.014
3406,0.262,0.57,0.026,0.09,0.028,0.024,0.0
3420,0.546,0.162,0.01,0.128,0.052,0.086,0.016
3422,0.274,0.31,0.062,0.166,0.07,0.05,0.068
3425,0.458,0.252,0.032,0.112,0.08,0.052,0.014
3427,0.17,0.66,0.008,0.09,0.042,0.018,0.012
3428,0.3,0.45,0.01,0.092,0.082,0.04,0.026
3429,0.384,0.32,0.008,0.142,0.068,0.036,0.042
3431,0.334,0.102,0.096,0.34,0.072,0.038,0.018
3434,0.396,0.322,0.01,0.114,0.084,0.046,0.028
3435,0.492,0.254,0.016,0.128,0.072,0.02,0.018
3436,0.452,0.11,0.062,0.262,0.036,0.06,0.018
3438,0.344,0.32,0.018,0.148,0.078,0.07,0.022
3439,0.476,0.286,0.022,0.124,0.036,0.028,0.028
3441,0.356,0.392,0.018,0.126,0.056,0.036,0.016
3444,0.28,0.314,0.02,0.174,0.032,0.128,0.052
3446,0.39,0.304,0.038,0.156,0.066,0.028,0.018
3448,0.342,0.414,0.012,0.138,0.064,0.016,0.014
3451,0.306,0.34,0.022,0.21,0.04,0.068,0.014
3454,0.586,0.118,0.018,0.122,0.08,0.046,0.03
3455,0.332,0.198,0.024,0.252,0.11,0.056,0.028
3461,0.3,0.284,0.052,0.25,0.052,0.044,0.018
3466,0.452,0.204,0.026,0.142,0.056,0.088,0.032
3470,0.204,0.278,0.044,0.32,0.028,0.02,0.106
3478,0.362,0.138,0.036,0.348,0.05,0.056,0.01
3479,0.676,0.158,0.004,0.098,0.024,0.036,0.004
3480,0.466,0.23,0.026,0.222,0.024,0.026,0.006
3481,0.494,0.256,0.022,0.09,0.052,0.068,0.018
3489,0.444,0.346,0.02,0.086,0.058,0.036,0.01
3493,0.376,0.31,0.032,0.11,0.068,0.04,0.064
3501,0.338,0.318,0.014,0.1,0.116,0.088,0.026
3502,0.458,0.288,0.034,0.098,0.06,0.038,0.024
3503,0.346,0.23,0.056,0.156,0.068,0.044,0.1
3506,0.718,0.146,0.016,0.04,0.048,0.018,0.014
3508,0.418,0.288,0.028,0.124,0.03,0.05,0.062
3509,0.232,0.458,0.012,0.184,0.058,0.04,0.016
3510,0.248,0.346,0.082,0.198,0.068,0.04,0.018
3511,0.494,0.228,0.034,0.124,0.072,0.044,0.004
3513,0.608,0.19,0.038,0.072,0.024,0.046,0.022
3514,0.028,0.932,0.006,0.014,0.006,0.01,0.004
3515,0.042,0.938,0.004,0.006,0.0,0.004,0.006
3516,0.316,0.242,0.048,0.186,0.08,0.084,0.044
3517,0.43,0.234,0.034,0.18,0.082,0.032,0.008
3518,0.434,0.266,0.03,0.15,0.05,0.056,0.014
3524,0.37,0.342,0.016,0.152,0.032,0.06,0.028
3526,0.528,0.184,0.014,0.084,0.074,0.094,0.022
3532,0.508,0.208,0.032,0.11,0.062,0.046,0.034
3539,0.716,0.078,0.018,0.098,0.04,0.042,0.008
3546,0.428,0.326,0.018,0.082,0.078,0.05,0.018
3554,0.516,0.24,0.006,0.13,0.052,0.04,0.016
3555,0.456,0.224,0.034,0.154,0.07,0.04,0.022
3560,0.252,0.492,0.038,0.068,0.05,0.056,0.044
3564,0.552,0.09,0.05,0.218,0.026,0.058,0.006
3566,0.288,0.338,0.028,0.178,0.088,0.052,0.028
3568,0.346,0.324,0.028,0.14,0.078,0.042,0.042
3571,0.338,0.202,0.026,0.286,0.076,0.058,0.014
3573,0.55,0.158,0.028,0.17,0.032,0.04,0.022
3577,0.272,0.414,0.054,0.092,0.108,0.032,0.028
3581,0.422,0.266,0.01,0.126,0.094,0.062,0.02
3589,0.304,0.364,0.012,0.086,0.116,0.06,0.058
3592,0.272,0.616,0.002,0.026,0.028,0.044,0.012
3596,0.346,0.442,0.008,0.096,0.048,0.046,0.014
3597,0.274,0.458,0.034,0.064,0.092,0.044,0.034
3600,0.414,0.298,0.026,0.132,0.05,0.054,0.026
3602,0.54,0.16,0.084,0.106,0.034,0.052,0.024
3604,0.41,0.35,0.02,0.078,0.08,0.04,0.022
3615,0.282,0.278,0.064,0.138,0.058,0.022,0.158
3619,0.336,0.27,0.084,0.2,0.048,0.052,0.01
3622,0.416,0.332,0.012,0.11,0.044,0.074,0.012
3627,0.334,0.254,0.042,0.21,0.092,0.058,0.01
3629,0.746,0.058,0.006,0.104,0.028,0.054,0.004
3630,0.296,0.436,0.024,0.112,0.06,0.026,0.046
3639,0.362,0.192,0.008,0.292,0.068,0.07,0.008
3642,0.612,0.148,0.026,0.112,0.028,0.056,0.018
3643,0.332,0.328,0.026,0.074,0.198,0.014,0.028
3650,0.506,0.246,0.01,0.07,0.024,0.098,0.046
3660,0.37,0.29,0.032,0.092,0.086,0.07,0.06
3661,0.148,0.738,0.002,0.048,0.034,0.018,0.012
3667,0.206,0.414,0.018,0.16,0.09,0.048,0.064
3668,0.342,0.352,0.042,0.17,0.04,0.02,0.034
3670,0.228,0.514,0.052,0.12,0.03,0.024,0.032
3688,0.344,0.174,0.08,0.264,0.096,0.03,0.012
3689,0.25,0.624,0.006,0.056,0.032,0.022,0.01
3690,0.314,0.394,0.018,0.088,0.076,0.09,0.02
3694,0.284,0.546,0.008,0.054,0.07,0.024,0.014
3695,0.528,0.202,0.024,0.084,0.04,0.114,0.008
3696,0.49,0.276,0.028,0.072,0.048,0.054,0.032
3701,0.436,0.296,0.022,0.07,0.086,0.04,0.05
3706,0.614,0.206,0.032,0.072,0.022,0.036,0.018
3714,0.33,0.194,0.034,0.282,0.032,0.074,0.054
3715,0.18,0.624,0.03,0.082,0.044,0.022,0.018
3717,0.622,0.198,0.02,0.082,0.05,0.022,0.006
3720,0.332,0.342,0.032,0.188,0.044,0.03,0.032
3721,0.296,0.262,0.04,0.208,0.086,0.082,0.026
3725,0.226,0.528,0.006,0.114,0.064,0.04,0.022
3726,0.394,0.294,0.028,0.134,0.09,0.05,0.01
3730,0.292,0.398,0.026,0.152,0.084,0.034,0.014
3732,0.532,0.142,0.06,0.15,0.058,0.034,0.024
3736,0.424,0.374,0.014,0.068,0.054,0.054,0.012
3737,0.606,0.164,0.018,0.084,0.052,0.066,0.01
3741,0.448,0.314,0.022,0.084,0.082,0.024,0.026
3746,0.334,0.47,0.018,0.084,0.04,0.034,0.02
3748,0.324,0.24,0.038,0.24,0.094,0.032,0.032
3753,0.538,0.19,0.032,0.096,0.076,0.048,0.02
3758,0.484,0.226,0.014,0.14,0.078,0.04,0.018
3759,0.36,0.328,0.016,0.168,0.072,0.036,0.02
3760,0.386,0.21,0.028,0.164,0.146,0.05,0.016
3764,0.414,0.288,0.03,0.158,0.044,0.038,0.028
3765,0.336,0.442,0.01,0.092,0.056,0.044,0.02
3772,0.334,0.392,0.02,0.1,0.072,0.048,0.034
3773,0.372,0.176,0.016,0.126,0.246,0.05,0.014
3777,0.242,0.4,0.028,0.152,0.11,0.044,0.024
3778,0.368,0.112,0.02,0.406,0.044,0.048,0.002
3781,0.474,0.078,0.018,0.32,0.048,0.054,0.008
3787,0.298,0.336,0.026,0.14,0.098,0.058,0.044
3789,0.478,0.3,0.052,0.06,0.06,0.026,0.024
3796,0.16,0.612,0.016,0.094,0.06,0.038,0.02
3797,0.402,0.278,0.014,0.19,0.058,0.048,0.01
3799,0.376,0.372,0.026,0.07,0.094,0.026,0.036
3806,0.362,0.098,0.074,0.376,0.036,0.034,0.02
3808,0.412,0.208,0.018,0.162,0.062,0.108,0.03
3811,0.34,0.28,0.036,0.178,0.096,0.034,0.036
3815,0.296,0.242,0.018,0.206,0.182,0.034,0.022
3817,0.206,0.416,0.012,0.144,0.156,0.05,0.016
3818,0.218,0.242,0.08,0.244,0.1,0.06,0.056
3819,0.45,0.206,0.044,0.146,0.052,0.054,0.048
3820,0.306,0.398,0.006,0.146,0.072,0.046,0.026
3824,0.24,0.38,0.088,0.126,0.094,0.032,0.04
3826,0.092,0.542,0.028,0.214,0.048,0.05,0.026
3833,0.336,0.426,0.02,0.116,0.036,0.046,0.02
3836,0.234,0.474,0.024,0.148,0.052,0.048,0.02
3844,0.312,0.276,0.044,0.194,0.052,0.084,0.038
3845,0.308,0.506,0.004,0.046,0.078,0.04,0.018
3846,0.16,0.46,0.02,0.172,0.108,0.052,0.028
3851,0.334,0.248,0.024,0.212,0.084,0.054,0.044
3852,0.238,0.424,0.02,0.1,0.166,0.028,0.024
3854,0.464,0.264,0.034,0.09,0.052,0.06,0.036
3859,0.292,0.54,0.028,0.082,0.02,0.026,0.012
3866,0.182,0.76,0.014,0.012,0.016,0.012,0.004
3869,0.458,0.302,0.016,0.078,0.106,0.032,0.008
3873,0.272,0.33,0.022,0.22,0.102,0.03,0.024
3878,0.194,0.566,0.028,0.082,0.074,0.034,0.022
3879,0.454,0.192,0.054,0.154,0.044,0.084,0.018
3884,0.464,0.302,0.01,0.044,0.062,0.082,0.036
3889,0.4,0.424,0.022,0.07,0.066,0.012,0.006
3890,0.398,0.35,0.012,0.054,0.088,0.072,0.026
3891,0.33,0.364,0.02,0.146,0.048,0.056,0.036
3904,0.304,0.326,0.0,0.156,0.096,0.076,0.042
3908,0.37,0.314,0.034,0.12,0.05,0.038,0.074
3909,0.442,0.212,0.016,0.2,0.054,0.064,0.012
3912,0.314,0.324,0.046,0.148,0.06,0.028,0.08
3914,0.382,0.306,0.016,0.162,0.064,0.042,0.028
3918,0.41,0.298,0.024,0.132,0.058,0.05,0.028
3919,0.32,0.222,0.086,0.222,0.056,0.042,0.052
3924,0.494,0.268,0.016,0.122,0.058,0.03,0.012
3926,0.306,0.39,0.024,0.094,0.092,0.048,0.046
3928,0.354,0.396,0.016,0.072,0.084,0.066,0.012
3932,0.438,0.21,0.014,0.118,0.06,0.152,0.008
3933,0.42,0.27,0.022,0.056,0.164,0.05,0.018
3939,0.448,0.25,0.032,0.094,0.05,0.078,0.048
3940,0.634,0.142,0.012,0.092,0.044,0.044,0.032
3942,0.634,0.192,0.016,0.07,0.038,0.028,0.022
3943,0.368,0.21,0.11,0.16,0.07,0.064,0.018
3949,0.396,0.292,0.012,0.06,0.078,0.118,0.044
3959,0.424,0.32,0.018,0.05,0.094,0.058,0.036
3961,0.182,0.336,0.1,0.164,0.064,0.036,0.118
3963,0.422,0.376,0.032,0.056,0.072,0.028,0.014
3969,0.388,0.326,0.032,0.11,0.082,0.05,0.012
3974,0.174,0.51,0.024,0.146,0.078,0.052,0.016
3977,0.392,0.352,0.02,0.092,0.068,0.058,0.018
3983,0.334,0.396,0.022,0.108,0.062,0.034,0.044
3984,0.224,0.624,0.016,0.072,0.034,0.028,0.002
3985,0.24,0.54,0.008,0.054,0.124,0.018,0.016
3986,0.228,0.51,0.036,0.094,0.062,0.056,0.014
3991,0.284,0.354,0.028,0.186,0.058,0.03,0.06
3992,0.494,0.198,0.046,0.12,0.062,0.05,0.03
3994,0.272,0.434,0.03,0.142,0.07,0.024,0.028
3997,0.284,0.49,0.012,0.118,0.046,0.024,0.026
4004,0.396,0.27,0.02,0.216,0.036,0.042,0.02
4010,0.32,0.232,0.024,0.19,0.142,0.074,0.018
4013,0.4,0.334,0.022,0.074,0.07,0.078,0.022
4017,0.322,0.38,0.01,0.11,0.096,0.054,0.028
4026,0.218,0.504,0.026,0.092,0.08,0.044,0.036
4027,0.388,0.12,0.062,0.29,0.048,0.026,0.066
4031,0.336,0.24,0.03,0.216,0.082,0.044,0.052
4032,0.176,0.734,0.014,0.034,0.028,0.006,0.008
4033,0.312,0.478,0.008,0.102,0.058,0.028,0.014
4048,0.426,0.256,0.02,0.134,0.078,0.06,0.026
4049,0.306,0.372,0.006,0.154,0.082,0.044,0.036
4054,0.268,0.118,0.07,0.282,0.034,0.028,0.2
4057,0.228,0.306,0.06,0.23,0.076,0.032,0.068
4059,0.416,0.19,0.05,0.176,0.052,0.022,0.094
4067,0.402,0.272,0.042,0.09,0.068,0.096,0.03
4068,0.444,0.296,0.042,0.058,0.04,0.072,0.048
4080,0.252,0.506,0.038,0.128,0.03,0.036,0.01
4081,0.242,0.522,0.036,0.122,0.02,0.046,0.012
4097,0.36,0.31,0.02,0.172,0.054,0.042,0.042
4099,0.254,0.366,0.028,0.132,0.088,0.064,0.068
4105,0.3,0.33,0.072,0.104,0.122,0.024,0.048
4108,0.442,0.094,0.044,0.314,0.034,0.036,0.036
4109,0.478,0.27,0.06,0.122,0.028,0.028,0.014
4111,0.502,0.174,0.028,0.162,0.04,0.04,0.054
4112,0.252,0.578,0.022,0.074,0.03,0.034,0.01
4115,0.322,0.39,0.026,0.138,0.032,0.064,0.028
4125,0.434,0.366,0.028,0.052,0.078,0.028,0.014
4126,0.144,0.726,0.008,0.056,0.032,0.026,0.008
4132,0.51,0.204,0.01,0.124,0.042,0.09,0.02
4134,0.238,0.496,0.024,0.126,0.052,0.03,0.034
4136,0.15,0.756,0.012,0.014,0.03,0.028,0.01
4137,0.42,0.296,0.012,0.154,0.046,0.05,0.022
4140,0.424,0.316,0.024,0.102,0.048,0.072,0.014
4141,0.352,0.312,0.088,0.114,0.072,0.03,0.032
4142,0.252,0.378,0.046,0.104,0.092,0.07,0.058
4151,0.338,0.18,0.056,0.288,0.05,0.042,0.046
4152,0.316,0.272,0.062,0.274,0.03,0.028,0.018
4153,0.384,0.162,0.06,0.298,0.036,0.038,0.022
4154,0.296,0.308,0.044,0.192,0.038,0.068,0.054
4155,0.274,0.436,0.018,0.104,0.084,0.046,0.038
4157,0.57,0.166,0.024,0.116,0.048,0.038,0.038
4158,0.316,0.368,0.026,0.168,0.072,0.026,0.024
4159,0.3,0.246,0.022,0.246,0.092,0.072,0.022
4165,0.316,0.288,0.026,0.224,0.054,0.022,0.07
4169,0.328,0.274,0.018,0.202,0.086,0.062,0.03
4175,0.37,0.302,0.016,0.118,0.088,0.08,0.026
4176,0.482,0.192,0.032,0.16,0.092,0.032,0.01
4179,0.216,0.618,0.016,0.052,0.054,0.024,0.02
4184,0.568,0.208,0.02,0.094,0.028,0.064,0.018
4185,0.678,0.098,0.008,0.136,0.046,0.022,0.012
4186,0.178,0.624,0.024,0.078,0.068,0.016,0.012
4189,0.34,0.35,0.046,0.106,0.06,0.056,0.042
4191,0.458,0.154,0.06,0.214,0.046,0.06,0.008
4192,0.206,0.474,0.038,0.122,0.114,0.02,0.026
4195,0.522,0.19,0.03,0.164,0.038,0.038,0.018
4196,0.46,0.256,0.028,0.096,0.086,0.05,0.024
4200,0.386,0.296,0.022,0.07,0.112,0.054,0.06
4203,0.124,0.812,0.008,0.022,0.018,0.01,0.006
4204,0.28,0.492,0.022,0.042,0.048,0.042,0.074
4205,0.524,0.214,0.028,0.126,0.026,0.07,0.012
4208,0.364,0.17,0.062,0.276,0.054,0.058,0.016
4214,0.13,0.482,0.038,0.158,0.118,0.036,0.038
4220,0.47,0.28,0.012,0.058,0.068,0.086,0.026
4231,0.256,0.244,0.022,0.214,0.182,0.068,0.014
4233,0.172,0.52,0.03,0.106,0.098,0.04,0.034
4237,0.188,0.648,0.008,0.064,0.03,0.032,0.03
4240,0.278,0.47,0.024,0.066,0.082,0.06,0.02
4241,0.274,0.424,0.014,0.118,0.066,0.05,0.054
4244,0.51,0.188,0.038,0.156,0.034,0.04,0.034
4246,0.336,0.362,0.038,0.148,0.028,0.072,0.016
4252,0.268,0.438,0.05,0.124,0.052,0.03,0.038
4255,0.342,0.602,0.006,0.024,0.016,0.01,0.0
4257,0.266,0.566,0.018,0.06,0.024,0.048,0.018
4267,0.434,0.274,0.014,0.12,0.046,0.066,0.046
4269,0.45,0.204,0.042,0.21,0.038,0.032,0.024
4270,0.302,0.446,0.024,0.102,0.054,0.046,0.026
4272,0.208,0.464,0.022,0.164,0.05,0.062,0.03
4277,0.22,0.59,0.026,0.074,0.036,0.028,0.026
4281,0.238,0.454,0.024,0.168,0.042,0.04,0.034
4288,0.182,0.628,0.034,0.038,0.056,0.054,0.008
4289,0.166,0.582,0.03,0.07,0.096,0.028,0.028
4290,0.416,0.2,0.054,0.178,0.082,0.054,0.016
4295,0.286,0.306,0.034,0.216,0.054,0.062,0.042
4300,0.324,0.37,0.04,0.12,0.064,0.056,0.026
4305,0.548,0.106,0.032,0.198,0.058,0.048,0.01
4319,0.188,0.566,0.016,0.062,0.064,0.062,0.042
4321,0.242,0.554,0.008,0.09,0.038,0.058,0.01
4324,0.304,0.374,0.038,0.184,0.034,0.046,0.02
4325,0.326,0.234,0.02,0.296,0.056,0.058,0.01
4327,0.202,0.536,0.028,0.112,0.058,0.036,0.028
4334,0.084,0.744,0.01,0.06,0.034,0.034,0.034
4339,0.278,0.416,0.006,0.15,0.1,0.04,0.01
4346,0.462,0.208,0.048,0.126,0.066,0.066,0.024
4352,0.488,0.188,0.028,0.164,0.054,0.044,0.034
4356,0.152,0.762,0.008,0.034,0.006,0.028,0.01
4357,0.396,0.28,0.032,0.15,0.072,0.012,0.058
4358,0.362,0.386,0.044,0.142,0.024,0.028,0.014
4362,0.492,0.336,0.014,0.05,0.044,0.054,0.01
4364,0.184,0.616,0.042,0.094,0.022,0.02,0.022
4368,0.63,0.118,0.024,0.138,0.04,0.042,0.008
4369,0.582,0.142,0.01,0.112,0.05,0.098,0.006
4373,0.214,0.49,0.012,0.162,0.088,0.018,0.016
4380,0.484,0.206,0.032,0.17,0.04,0.056,0.012
4382,0.308,0.434,0.012,0.048,0.104,0.062,0.032
4383,0.302,0.448,0.03,0.124,0.046,0.04,0.01
4385,0.438,0.31,0.04,0.1,0.03,0.056,0.026
4389,0.402,0.37,0.01,0.07,0.08,0.05,0.018
4390,0.318,0.328,0.018,0.158,0.074,0.078,0.026
4391,0.388,0.426,0.01,0.074,0.03,0.06,0.012
4400,0.16,0.424,0.052,0.198,0.082,0.03,0.054
4402,0.258,0.512,0.044,0.072,0.04,0.048,0.026
4403,0.164,0.486,0.034,0.112,0.142,0.036,0.026
4405,0.244,0.53,0.012,0.132,0.026,0.042,0.014
4411,0.356,0.412,0.036,0.104,0.05,0.026,0.016
4412,0.132,0.746,0.016,0.054,0.03,0.014,0.008
4418,0.416,0.202,0.082,0.182,0.046,0.048,0.024
4422,0.366,0.284,0.022,0.188,0.054,0.058,0.028
4425,0.48,0.228,0.006,0.15,0.072,0.054,0.01
4430,0.676,0.108,0.028,0.062,0.042,0.078,0.006
4432,0.354,0.328,0.02,0.102,0.086,0.096,0.014
4435,0.634,0.13,0.024,0.07,0.07,0.052,0.02
4441,0.402,0.308,0.066,0.128,0.038,0.034,0.024
4444,0.222,0.61,0.026,0.064,0.052,0.022,0.004
4450,0.434,0.432,0.022,0.04,0.038,0.022,0.012
4452,0.11,0.77,0.026,0.036,0.024,0.026,0.008
4453,0.13,0.756,0.024,0.026,0.028,0.006,0.03
4454,0.248,0.478,0.026,0.078,0.068,0.082,0.02
4459,0.366,0.242,0.07,0.152,0.074,0.074,0.022
4462,0.166,0.316,0.236,0.152,0.03,0.014,0.086
4473,0.544,0.162,0.016,0.172,0.042,0.028,0.036
4476,0.604,0.1,0.04,0.162,0.024,0.058,0.012
4477,0.572,0.234,0.022,0.092,0.036,0.022,0.022
4479,0.526,0.17,0.034,0.132,0.032,0.08,0.026
4484,0.574,0.178,0.14,0.064,0.01,0.022,0.012
4487,0.472,0.138,0.042,0.232,0.036,0.058,0.022
4496,0.392,0.228,0.054,0.188,0.07,0.032,0.036
4497,0.31,0.39,0.044,0.094,0.064,0.058,0.04
4502,0.38,0.302,0.05,0.134,0.062,0.046,0.026
4505,0.44,0.186,0.036,0.208,0.084,0.028,0.018
4517,0.51,0.132,0.052,0.212,0.034,0.022,0.038
4519,0.574,0.164,0.046,0.072,0.052,0.066,0.026
4526,0.408,0.2,0.014,0.132,0.052,0.154,0.04
4527,0.718,0.094,0.014,0.078,0.04,0.054,0.002
4533,0.5,0.154,0.06,0.176,0.042,0.048,0.02
4547,0.616,0.08,0.028,0.172,0.052,0.036,0.016
4552,0.288,0.324,0.024,0.174,0.082,0.056,0.052
4553,0.396,0.264,0.02,0.186,0.048,0.034,0.052
4558,0.628,0.076,0.036,0.162,0.032,0.048,0.018
4562,0.412,0.212,0.014,0.076,0.084,0.18,0.022
4567,0.37,0.292,0.03,0.152,0.034,0.092,0.03
4569,0.434,0.084,0.078,0.32,0.038,0.038,0.008
4571,0.448,0.316,0.026,0.124,0.048,0.026,0.012
4573,0.426,0.246,0.016,0.182,0.048,0.072,0.01
4577,0.626,0.166,0.01,0.078,0.056,0.06,0.004
4582,0.33,0.256,0.062,0.214,0.06,0.058,0.02
4583,0.278,0.466,0.012,0.044,0.076,0.094,0.03
4584,0.574,0.134,0.032,0.146,0.038,0.038,0.038
4586,0.626,0.164,0.024,0.102,0.026,0.036,0.022
4587,0.342,0.352,0.022,0.096,0.054,0.092,0.042
4589,0.568,0.214,0.028,0.054,0.06,0.066,0.01
4590,0.704,0.124,0.02,0.066,0.022,0.054,0.01
4595,0.318,0.41,0.012,0.094,0.076,0.064,0.026
4598,0.416,0.12,0.096,0.256,0.066,0.034,0.012
4609,0.652,0.09,0.024,0.146,0.038,0.044,0.006
4611,0.414,0.138,0.088,0.254,0.046,0.042,0.018
4613,0.53,0.098,0.064,0.168,0.06,0.068,0.012
4624,0.402,0.248,0.046,0.126,0.054,0.098,0.026
4626,0.508,0.118,0.048,0.208,0.074,0.038,0.006
4628,0.606,0.158,0.05,0.118,0.018,0.038,0.012
4629,0.64,0.088,0.086,0.11,0.032,0.036,0.008
4633,0.634,0.158,0.086,0.074,0.014,0.024,0.01
4635,0.378,0.24,0.042,0.188,0.04,0.094,0.018
4636,0.712,0.066,0.02,0.102,0.042,0.038,0.02
4638,0.616,0.086,0.016,0.098,0.074,0.078,0.032
4639,0.22,0.63,0.008,0.074,0.03,0.032,0.006
4641,0.382,0.4,0.032,0.082,0.06,0.024,0.02
4642,0.684,0.088,0.028,0.114,0.038,0.03,0.018
4643,0.646,0.142,0.03,0.11,0.026,0.014,0.032
4645,0.498,0.278,0.02,0.05,0.076,0.046,0.032
4646,0.65,0.202,0.016,0.026,0.042,0.048,0.016
4648,0.662,0.15,0.012,0.042,0.05,0.066,0.018
4649,0.542,0.154,0.054,0.152,0.03,0.058,0.01
4651,0.394,0.434,0.014,0.08,0.028,0.034,0.016
4654,0.62,0.132,0.03,0.138,0.05,0.024,0.006
4663,0.61,0.102,0.014,0.178,0.054,0.036,0.006
4667,0.752,0.036,0.01,0.156,0.028,0.018,0.0
4669,0.544,0.218,0.02,0.122,0.032,0.06,0.004
4677,0.59,0.184,0.006,0.072,0.04,0.102,0.006
4678,0.688,0.122,0.038,0.046,0.024,0.078,0.004
4679,0.608,0.176,0.016,0.094,0.034,0.05,0.022
4681,0.37,0.314,0.036,0.188,0.024,0.048,0.02
4686,0.396,0.112,0.014,0.334,0.036,0.098,0.01
4692,0.544,0.242,0.024,0.086,0.032,0.054,0.018
4694,0.502,0.302,0.028,0.048,0.072,0.04,0.008
4695,0.738,0.1,0.008,0.06,0.044,0.02,0.03
4700,0.25,0.346,0.074,0.132,0.094,0.048,0.056
4702,0.808,0.086,0.006,0.05,0.022,0.024,0.004
4703,0.21,0.466,0.024,0.13,0.084,0.062,0.024
4706,0.37,0.316,0.04,0.118,0.066,0.066,0.024
4711,0.712,0.07,0.01,0.124,0.014,0.068,0.002
4715,0.438,0.248,0.022,0.064,0.036,0.174,0.018
4718,0.596,0.092,0.03,0.19,0.022,0.062,0.008
4719,0.472,0.228,0.056,0.154,0.05,0.03,0.01
4722,0.65,0.094,0.012,0.112,0.068,0.05,0.014
4723,0.594,0.172,0.026,0.052,0.034,0.11,0.012
4727,0.458,0.186,0.052,0.19,0.074,0.022,0.018
4732,0.728,0.088,0.022,0.092,0.016,0.038,0.016
4737,0.716,0.138,0.01,0.058,0.012,0.05,0.016
4740,0.75,0.062,0.016,0.12,0.024,0.016,0.012
4741,0.6,0.17,0.048,0.124,0.032,0.026,0.0
4748,0.258,0.418,0.034,0.14,0.098,0.042,0.01
4749,0.404,0.232,0.056,0.172,0.07,0.048,0.018
4752,0.582,0.068,0.048,0.168,0.07,0.058,0.006
4767,0.624,0.192,0.018,0.09,0.034,0.03,0.012
4768,0.336,0.296,0.132,0.108,0.02,0.026,0.082
4770,0.4,0.324,0.108,0.082,0.028,0.042,0.016
4774,0.296,0.09,0.024,0.482,0.044,0.056,0.008
4779,0.474,0.252,0.04,0.116,0.072,0.04,0.006
4780,0.316,0.418,0.018,0.156,0.054,0.03,0.008
4783,0.494,0.212,0.016,0.132,0.086,0.056,0.004
4785,0.44,0.216,0.044,0.128,0.068,0.036,0.068
4788,0.616,0.16,0.044,0.082,0.03,0.066,0.002
4790,0.408,0.336,0.024,0.102,0.08,0.026,0.024
4793,0.504,0.236,0.028,0.076,0.064,0.064,0.028
4794,0.688,0.136,0.038,0.09,0.018,0.02,0.01
